resp_id,WFH_PRE,Job_Clerical or administrative support,"Job_Manufacturing, construction, maintenance, or farming","Job_Professional, managerial, or technical",Job_Sales or service,Workload_increased,Workload_decreased,Increased_productivity,Decreased_productivity,hhveh_harm,age,gender,Number_bedrooms,Race_white,Gradutae_degree,High_income(LessThan_100K),More_income(LMoreThan_35K),ProEnvironment
11,0,0,0,0,0,1,0,1,0,2,44,1,5,1,0,0,0,1
29,1,0,0,1,0,0,0,0,1,1,39,1,2,1,1,0,1,1
30,0,0,0,1,0,0,0,0,1,4,49,0,4,1,0,0,1,1
31,1,0,0,1,0,0,0,0,1,1,27,1,1,1,1,0,1,1
34,1,0,0,1,0,0,1,0,0,0,32,0,5,0,0,0,0,1
38,1,0,0,1,0,0,0,0,0,2,39,1,4,0,1,0,1,1
39,1,0,0,1,0,0,1,0,1,0,24,0,3,1,1,1,0,0
44,1,1,0,0,0,0,0,0,0,2,49,0,3,1,0,0,0,0
46,0,0,0,1,0,0,1,1,0,2,63,0,4,1,1,0,1,1
49,1,0,0,1,0,1,0,0,1,2,56,1,4,1,1,0,1,1
58,1,0,0,1,0,0,1,0,1,3,53,0,5,1,1,0,1,0
61,1,0,0,1,0,1,0,0,0,2,56,0,4,1,1,0,1,1
67,0,0,1,0,0,0,0,0,0,2,50,1,3,1,1,0,0,1
72,0,1,0,0,0,0,0,0,0,2,62,0,3,1,0,0,0,1
79,1,0,0,0,0,1,0,0,1,2,41,0,2,1,0,1,0,1
83,1,0,0,1,0,0,1,0,0,2,49,1,4,1,1,0,1,1
87,0,0,0,0,0,0,1,0,1,2,28,0,3,1,0,0,0,0
89,0,0,0,0,0,0,1,0,0,2,37,0,4,1,1,0,0,1
91,1,0,0,1,0,1,0,0,0,2,70,0,4,1,1,0,1,1
94,0,0,0,1,0,1,0,1,0,2,63,0,3,1,1,0,0,1
95,1,0,0,1,0,1,0,1,0,3,53,0,5,1,1,0,1,0
102,1,0,0,1,0,0,0,0,0,1,35,1,3,1,1,0,1,1
106,0,0,0,1,0,1,0,1,0,4,49,0,3,1,0,0,0,0
107,1,1,0,0,0,0,0,0,0,1,31,0,3,1,0,0,0,1
108,1,0,0,1,0,0,0,0,0,2,57,0,3,1,1,0,0,0
111,1,0,0,1,0,0,1,0,1,1,58,0,3,1,1,0,1,1
114,1,0,0,1,0,0,0,0,1,1,32,1,2,1,1,0,1,0
125,0,0,0,1,0,0,1,0,1,4,31,0,5,1,0,0,1,0
130,0,0,0,0,1,0,0,0,0,2,35,0,1,1,0,0,0,1
134,1,0,0,1,0,0,0,0,0,2,52,1,3,1,1,0,1,1
137,1,0,0,0,0,0,0,0,0,0,32,1,4,1,1,1,0,1
144,1,0,0,1,0,0,0,0,1,2,39,1,4,1,1,0,1,1
150,0,0,0,1,0,0,0,0,0,2,55,1,5,1,0,0,0,1
151,0,0,0,1,0,0,1,1,0,4,59,1,4,1,1,0,1,0
153,0,0,0,1,0,1,0,0,0,2,38,1,2,1,1,0,1,0
157,1,0,0,1,0,0,0,0,1,1,49,1,3,1,0,0,1,1
158,1,0,0,1,0,0,0,0,0,1,68,0,2,1,1,0,0,1
160,1,0,0,1,0,0,0,0,0,2,48,1,4,1,0,0,1,1
166,1,0,0,0,1,0,1,0,0,2,27,0,2,0,0,0,1,1
167,1,0,0,1,0,0,0,0,1,1,43,1,2,0,1,0,1,1
171,0,0,0,1,0,0,1,0,0,3,45,0,4,1,0,0,1,1
172,1,0,0,1,0,0,0,0,0,3,51,0,4,1,0,0,1,0
174,1,0,0,1,0,0,0,0,0,1,37,0,3,1,1,0,1,1
176,1,0,0,1,0,0,0,0,1,1,52,0,4,1,1,0,1,1
178,1,0,0,1,0,0,0,0,0,2,60,0,3,1,1,0,1,1
181,0,0,0,1,0,0,0,0,0,1,30,1,2,1,1,0,1,1
184,1,0,0,1,0,0,0,0,0,1,41,1,3,1,1,0,0,1
189,0,0,0,1,0,0,1,0,1,1,57,1,2,1,1,0,1,1
191,1,0,0,1,0,0,0,1,0,2,59,0,3,1,1,0,1,1
193,1,0,0,1,0,0,0,0,1,2,26,0,1,1,1,0,1,1
200,1,0,0,1,0,0,0,0,1,2,34,0,3,1,1,0,0,1
204,1,0,0,1,0,0,0,1,0,2,33,0,5,1,1,0,1,0
210,1,0,0,1,0,0,0,0,0,2,70,1,4,1,1,0,0,0
213,1,0,0,1,0,0,0,0,0,3,51,0,4,1,1,0,1,1
214,1,0,0,1,0,0,0,1,0,2,34,0,3,1,1,0,0,0
216,1,0,0,0,0,1,0,0,0,1,24,0,3,1,0,0,0,1
218,1,0,0,1,0,0,0,0,0,2,52,1,3,1,1,0,1,1
225,1,0,0,0,0,1,0,0,0,1,27,0,2,1,1,0,0,1
226,1,0,1,0,0,1,0,0,0,1,26,0,1,1,1,0,0,1
234,1,0,0,1,0,0,1,0,1,3,50,1,3,1,1,0,1,1
240,0,1,0,0,0,1,0,0,0,1,41,0,2,1,0,1,0,1
244,0,0,0,1,0,0,0,0,1,2,62,1,4,1,1,0,1,1
246,1,0,0,0,0,0,0,0,1,1,38,1,1,0,0,0,1,1
249,1,0,0,1,0,0,0,0,1,3,41,0,4,1,0,0,1,1
250,0,1,0,0,0,0,0,0,0,3,59,0,3,1,0,0,1,1
252,0,0,1,0,0,0,0,0,0,1,27,0,4,1,0,0,0,1
254,1,0,0,1,0,1,0,0,0,1,48,1,4,1,1,0,1,1
255,0,0,0,1,0,0,0,0,1,1,24,0,4,1,0,0,1,1
263,1,0,0,1,0,0,0,0,1,2,43,0,5,1,1,0,1,1
266,1,0,0,1,0,0,0,0,0,2,62,1,4,1,1,0,1,0
270,1,0,0,0,0,0,0,0,0,1,30,0,3,1,1,1,0,0
273,0,0,0,1,0,0,0,0,0,2,29,0,2,1,0,0,0,0
276,1,0,0,1,0,1,0,0,1,2,40,0,4,1,1,0,1,1
277,0,0,0,1,0,0,0,0,0,2,37,0,2,1,1,0,1,0
285,1,0,0,1,0,0,0,0,0,1,50,1,1,1,1,0,1,0
297,1,0,0,1,0,0,0,0,0,2,28,0,2,1,1,0,0,1
299,0,0,0,0,0,0,0,0,0,1,48,0,2,1,1,0,0,1
302,0,0,0,1,0,1,0,0,1,4,47,1,3,0,1,0,1,1
315,1,0,0,1,0,0,0,0,1,2,40,1,3,0,1,0,1,1
325,0,0,0,0,1,0,0,0,0,2,26,0,3,1,1,0,1,1
351,1,0,0,1,0,0,1,0,1,1,62,1,2,1,1,0,1,1
352,0,0,0,0,0,1,0,0,0,2,45,0,1,1,1,0,1,0
355,1,0,0,1,0,0,0,0,1,2,28,0,3,0,1,0,0,1
358,1,0,0,1,0,0,1,0,1,1,23,1,4,1,0,0,0,1
361,1,0,0,1,0,1,0,0,1,1,31,0,3,1,1,0,1,1
365,1,0,0,0,1,0,1,0,0,2,62,0,3,1,0,0,1,1
369,1,1,0,0,0,0,0,0,1,2,54,0,4,1,0,0,0,1
370,1,0,0,1,0,1,0,1,0,2,45,0,4,1,1,0,1,0
373,0,0,0,1,0,1,0,0,0,1,43,0,2,1,0,0,0,1
374,1,0,0,1,0,0,0,0,0,2,62,0,4,1,1,0,1,1
375,1,0,0,0,0,1,0,0,0,2,28,0,2,1,1,1,0,1
378,1,0,0,1,0,0,1,0,0,2,33,0,3,1,0,0,0,1
380,0,0,0,1,0,0,0,0,0,2,61,0,4,1,1,0,0,1
382,0,0,0,1,0,0,1,0,0,1,22,0,2,1,0,0,0,1
387,1,0,0,1,0,0,1,0,0,1,60,1,1,1,0,0,1,1
393,1,0,0,0,0,0,0,0,0,2,42,0,4,1,0,0,0,1
394,1,0,0,1,0,0,0,0,0,3,41,0,4,1,1,0,1,0
398,0,0,0,1,0,0,0,0,0,3,53,1,4,1,1,0,1,0
404,1,0,0,1,0,0,0,0,1,2,25,0,3,1,0,0,0,0
408,1,0,0,1,0,1,0,0,0,2,28,0,2,1,1,0,0,1
414,1,0,0,1,0,1,0,0,0,2,47,0,3,1,1,0,1,0
423,1,0,0,1,0,0,1,0,0,1,64,1,3,1,1,0,1,1
436,1,0,0,1,0,1,0,1,0,1,53,0,1,1,1,0,0,1
441,1,0,0,1,0,0,0,0,1,2,51,1,4,1,1,0,1,1
446,1,0,0,1,0,0,0,0,0,0,23,0,4,1,0,1,0,1
448,1,0,0,1,0,0,0,0,0,2,69,1,3,1,0,0,1,1
454,0,0,0,1,0,0,1,0,0,1,39,0,2,1,1,0,1,1
455,1,1,0,0,0,0,1,0,1,2,42,0,4,1,0,0,0,1
457,1,0,0,1,0,0,1,0,1,2,44,0,4,1,1,0,1,1
462,0,0,0,0,0,1,0,0,0,2,33,0,3,1,0,0,1,1
464,1,0,0,1,0,1,0,0,1,1,41,0,2,1,0,0,1,1
466,1,0,0,0,0,0,0,0,1,2,29,0,4,1,1,0,1,1
471,1,0,0,1,0,1,0,0,1,1,53,1,4,1,1,0,0,1
472,1,0,0,0,0,1,0,0,1,0,28,1,4,0,0,0,0,1
474,1,0,0,1,0,0,1,0,1,1,27,1,1,1,0,0,0,1
476,1,0,0,1,0,0,1,1,0,0,28,0,3,1,0,0,0,1
482,1,0,0,1,0,0,0,0,0,2,30,0,3,1,1,0,1,1
483,1,0,0,1,0,0,0,0,0,0,34,0,1,1,1,0,0,1
484,1,0,0,1,0,1,0,0,0,3,47,0,4,1,0,0,1,0
487,1,0,0,1,0,0,1,0,1,1,27,0,2,1,0,0,1,1
488,1,0,0,1,0,1,0,0,0,2,42,0,4,1,1,0,1,1
491,1,0,0,1,0,0,0,0,0,3,49,0,4,0,1,0,1,1
498,0,0,0,1,0,0,1,0,1,1,40,1,2,0,0,0,1,1
500,1,0,0,1,0,1,0,0,0,0,39,0,0,1,1,0,1,1
510,1,0,0,1,0,1,0,0,0,3,59,0,3,1,1,0,1,1
512,1,0,0,1,0,0,0,0,1,1,45,0,5,1,1,0,1,1
518,1,0,0,1,0,0,0,0,1,2,42,1,4,1,1,0,1,1
523,0,0,0,1,0,1,0,0,0,2,31,1,2,1,0,0,1,0
533,0,0,0,1,0,0,1,0,0,1,28,0,1,1,1,1,0,1
534,0,0,0,1,0,0,1,0,0,2,32,1,2,1,1,0,0,0
535,1,0,0,1,0,0,0,0,0,2,43,1,4,1,1,0,0,0
537,1,0,0,1,0,0,0,0,1,2,46,1,2,1,1,0,1,1
539,0,0,0,1,0,0,1,1,0,2,27,0,1,0,1,0,0,1
541,1,0,0,0,0,0,1,0,0,4,21,0,4,1,0,0,1,1
543,0,0,0,0,0,0,0,0,0,3,65,0,3,1,1,0,0,1
549,1,0,0,1,0,0,1,0,1,1,40,0,2,1,1,0,0,1
552,0,0,0,1,0,0,1,0,1,4,24,0,4,1,0,0,1,0
557,1,1,0,0,0,0,1,1,0,3,30,0,3,1,1,0,0,1
560,1,0,0,1,0,0,1,0,1,2,32,0,1,1,1,0,0,1
561,1,0,0,0,0,0,0,0,0,1,31,0,3,1,0,0,1,1
564,1,1,0,0,0,1,0,1,0,2,50,0,3,1,1,0,0,1
579,0,0,0,0,0,1,0,0,0,2,22,0,1,1,0,0,0,1
581,1,0,0,0,0,0,0,0,1,1,20,0,0,1,0,0,1,1
595,0,0,0,1,0,0,1,0,1,2,43,0,3,1,0,0,0,1
600,1,0,0,0,0,0,0,0,1,2,57,0,4,1,0,0,1,0
601,1,1,0,0,0,0,0,0,0,3,47,0,3,1,1,0,0,1
602,1,0,0,0,0,0,0,1,0,2,45,0,4,1,1,0,1,1
607,0,0,0,1,0,0,1,0,1,2,26,0,2,1,1,0,1,1
608,1,0,0,1,0,0,0,0,1,2,23,0,4,1,0,1,0,1
611,1,0,0,1,0,0,0,0,1,2,39,1,3,1,1,0,1,0
622,1,0,0,0,0,1,0,0,0,1,31,1,3,1,1,0,0,0
626,1,0,0,1,0,0,1,0,1,1,33,1,1,1,1,0,0,1
629,1,0,0,1,0,0,0,0,1,2,29,0,2,1,1,0,0,1
632,0,0,0,1,0,0,0,0,0,2,36,0,3,1,1,0,0,1
634,1,0,0,1,0,0,0,0,0,1,52,1,2,1,0,0,1,1
637,1,0,0,1,0,0,1,0,0,2,57,0,3,1,1,0,1,1
648,0,0,0,1,0,1,0,0,0,2,44,1,4,1,1,0,1,1
653,0,0,0,1,0,0,0,1,0,2,34,1,1,1,0,1,0,1
656,1,0,0,1,0,0,0,0,0,1,44,0,2,1,0,0,1,1
659,1,0,0,1,0,0,0,0,1,2,40,0,4,1,1,0,1,1
663,0,0,0,1,0,0,0,0,0,2,37,1,3,1,0,0,1,0
679,1,1,0,0,0,0,0,0,0,3,52,0,3,1,0,0,1,1
682,1,0,0,1,0,1,0,0,0,0,28,1,2,1,1,0,1,0
687,0,0,0,0,0,0,1,0,0,2,31,1,2,1,0,0,1,0
692,1,0,0,1,0,0,1,0,0,1,33,0,1,1,0,0,0,0
693,1,0,0,1,0,0,0,0,1,2,32,0,1,1,0,0,1,1
703,0,0,0,0,0,0,0,0,0,1,59,0,1,1,1,1,0,1
708,0,0,0,1,0,0,1,0,0,1,30,0,3,1,1,0,0,1
710,0,1,0,0,0,0,0,0,0,2,56,0,3,1,1,0,1,1
712,1,0,0,1,0,0,1,0,1,1,38,0,0,1,1,0,1,1
713,1,0,0,1,0,1,0,0,0,2,61,1,3,1,0,0,1,1
718,1,0,0,1,0,1,0,0,1,2,63,0,2,1,1,0,1,0
721,1,0,0,1,0,1,0,0,0,1,43,0,2,1,1,0,1,0
727,0,0,0,1,0,1,0,1,0,2,40,0,4,1,1,0,1,0
728,1,0,0,1,0,0,0,1,0,2,35,0,3,1,1,0,0,1
731,1,0,0,1,0,1,0,0,0,1,54,1,3,1,1,0,1,1
733,1,0,0,1,0,0,0,0,1,1,36,1,2,1,1,0,0,1
735,1,0,0,1,0,0,0,0,1,3,24,0,4,1,0,0,0,0
744,1,0,0,1,0,0,0,0,1,2,40,1,4,0,1,0,1,0
745,1,0,0,1,0,1,0,0,0,2,39,0,4,0,1,0,1,1
747,0,0,0,1,0,0,1,0,0,0,57,1,3,1,0,0,1,1
748,0,0,0,1,0,0,0,0,1,0,23,1,2,1,0,1,0,0
750,0,1,0,0,0,0,0,0,1,3,24,1,2,1,0,0,0,1
756,1,0,1,0,0,1,0,0,0,4,53,1,5,1,1,0,1,0
764,1,0,0,1,0,1,0,0,1,1,63,0,2,0,1,0,0,1
767,1,0,0,1,0,0,1,0,0,2,57,0,3,1,0,0,0,1
772,1,0,0,1,0,1,0,0,1,2,56,0,4,1,1,0,1,0
792,0,0,0,1,0,1,0,0,1,0,23,0,2,1,0,1,0,1
793,1,0,0,0,0,0,0,0,1,1,26,0,3,1,0,0,0,1
794,0,0,0,1,0,0,0,0,0,2,56,0,3,0,1,0,1,1
795,0,0,0,1,0,1,0,1,0,4,57,0,4,1,0,0,1,1
796,0,0,0,1,0,0,0,0,1,2,60,1,3,1,0,0,1,1
810,1,0,0,1,0,0,0,0,0,1,29,0,3,1,0,0,1,0
813,1,0,0,1,0,0,1,0,0,1,28,1,1,1,0,0,0,1
815,1,0,0,1,0,1,0,0,0,3,63,1,3,1,1,0,1,1
817,1,0,0,1,0,1,0,0,1,3,44,0,5,1,1,0,1,1
820,1,0,0,1,0,0,0,0,0,3,29,0,3,0,1,1,0,1
822,1,0,0,1,0,0,1,1,0,1,32,1,1,0,1,0,0,1
823,1,0,0,1,0,0,0,0,0,2,33,0,3,1,1,0,1,1
825,1,0,0,1,0,1,0,0,0,4,50,0,3,0,1,0,0,1
827,0,0,0,1,0,1,0,0,0,2,40,0,3,1,0,0,0,1
830,0,0,0,1,0,0,1,0,1,1,39,1,3,1,1,0,1,1
831,1,0,0,1,0,1,0,0,0,1,35,1,2,1,1,0,1,1
834,0,0,0,1,0,0,1,0,0,1,71,1,2,1,1,0,1,0
841,1,0,0,1,0,0,0,1,0,0,57,1,1,1,1,0,1,1
842,0,0,0,1,0,0,0,1,0,1,50,0,3,1,1,0,1,1
861,0,0,0,1,0,0,0,1,0,2,32,1,1,1,1,0,1,1
864,0,0,0,1,0,0,1,0,0,2,26,0,2,1,0,0,1,1
865,1,0,0,1,0,0,0,0,1,2,48,1,4,1,1,0,1,1
870,0,0,0,1,0,0,1,0,0,2,35,0,3,1,1,0,0,1
871,0,1,0,0,0,0,1,0,0,2,28,0,2,1,0,0,1,1
875,0,0,0,1,0,0,1,0,0,0,29,1,1,1,1,0,1,1
878,1,0,0,1,0,0,0,0,0,1,36,0,2,1,0,0,1,1
882,1,0,0,1,0,0,0,0,0,1,24,1,1,1,0,0,1,1
884,1,0,0,1,0,0,0,0,1,0,40,0,1,1,0,0,1,1
886,0,0,0,0,0,0,1,0,0,2,26,1,3,1,0,1,0,1
892,0,0,0,1,0,1,0,0,1,0,28,1,2,1,1,0,0,1
899,0,1,0,0,0,0,0,0,1,2,32,1,3,0,0,0,0,1
900,1,0,0,0,0,0,0,0,0,1,46,0,3,1,0,0,0,1
901,1,0,0,0,0,0,0,0,0,0,58,0,2,0,1,0,0,1
905,1,1,0,0,0,0,0,0,0,2,33,0,2,1,1,0,1,1
907,1,0,0,0,0,1,0,0,0,0,29,0,4,1,0,0,0,1
908,1,0,0,1,0,0,0,0,0,2,61,0,2,1,0,0,0,1
910,0,0,0,1,0,0,0,1,0,1,31,0,2,1,1,0,0,1
914,1,0,0,1,0,1,0,0,0,0,50,0,2,1,0,0,1,1
915,1,0,0,1,0,1,0,0,0,2,39,0,4,1,0,0,0,1
916,0,1,0,0,0,0,0,0,0,1,21,0,0,1,0,0,0,1
922,1,0,0,1,0,0,0,0,0,1,31,1,2,1,1,0,1,1
929,1,0,0,1,0,1,0,0,0,1,57,0,2,1,1,0,1,1
930,0,0,0,1,0,0,0,0,0,3,68,1,3,1,0,0,1,0
932,0,1,0,0,0,0,0,1,0,2,54,0,2,0,1,1,0,1
933,1,0,0,1,0,0,0,1,0,2,29,1,2,1,1,0,1,0
934,0,0,0,1,0,1,0,0,0,2,32,1,3,1,0,0,1,1
940,1,0,0,1,0,0,0,0,0,0,31,0,3,1,1,0,0,1
949,0,0,0,1,0,1,0,0,0,2,31,1,2,1,0,0,1,1
951,0,0,0,0,0,0,1,0,1,1,27,1,2,1,0,1,0,1
954,1,0,0,1,0,0,0,0,1,1,71,0,3,1,1,0,0,1
957,1,0,0,1,0,1,0,0,0,2,52,0,3,1,0,0,1,1
966,0,0,0,1,0,1,0,1,0,1,66,0,1,1,1,0,1,1
968,1,0,0,1,0,0,1,1,0,1,64,1,1,1,1,0,1,1
969,0,0,0,1,0,0,1,0,1,0,28,1,1,1,1,0,1,1
971,0,0,0,0,0,1,0,0,0,1,46,0,2,1,1,0,1,1
973,0,0,0,1,0,0,0,0,1,1,36,1,3,1,1,0,1,1
980,0,0,0,1,0,0,0,0,0,2,53,1,3,1,0,0,1,1
983,1,0,0,1,0,1,0,0,1,1,30,0,2,1,0,0,1,1
984,0,0,0,1,0,0,1,0,1,1,57,1,2,1,1,0,1,1
988,1,0,0,1,0,1,0,1,0,1,56,0,3,1,1,0,1,1
989,1,0,0,1,0,0,0,0,0,3,62,1,4,1,0,0,1,1
991,0,0,0,1,0,0,1,0,1,1,42,1,3,1,1,0,0,0
993,0,0,0,0,1,0,0,0,0,2,62,0,2,1,1,0,1,1
994,0,0,0,1,0,1,0,0,0,1,41,1,3,1,1,0,0,1
996,0,0,0,1,0,0,1,1,0,1,35,0,3,1,1,0,1,1
1001,0,0,0,1,0,1,0,0,0,2,51,1,2,1,1,0,1,1
1007,0,0,0,1,0,0,1,0,1,1,36,1,4,1,1,0,1,1
1013,0,0,0,1,0,1,0,0,0,0,27,1,1,1,1,0,1,1
1021,0,0,0,1,0,0,0,1,0,2,46,1,4,1,1,0,1,1
1024,1,0,0,1,0,0,0,0,0,1,33,0,2,1,0,0,1,1
1026,0,0,0,1,0,0,1,0,0,1,41,0,2,1,1,0,0,1
1028,1,0,0,1,0,0,0,0,0,1,42,1,5,1,1,0,1,1
1029,1,0,0,1,0,0,1,0,0,0,36,1,1,0,1,0,0,0
1030,0,1,0,0,0,0,0,0,0,2,27,0,3,1,0,0,0,1
1032,1,0,0,1,0,0,0,0,0,1,49,0,2,1,1,0,1,1
1034,1,0,0,1,0,1,0,0,0,1,31,1,1,1,1,0,1,1
1035,0,0,0,1,0,1,0,0,1,3,57,0,4,1,1,0,1,1
1038,1,0,0,1,0,1,0,0,0,2,58,1,3,1,1,0,1,0
1039,0,0,0,1,0,0,1,0,1,1,37,0,5,1,1,0,1,1
1040,1,0,0,1,0,1,0,0,1,0,50,0,1,1,1,0,1,1
1041,1,0,0,1,0,0,0,0,0,2,30,1,3,1,1,0,1,0
1042,1,0,0,1,0,1,0,1,0,1,47,0,3,0,1,0,0,1
1043,1,0,0,1,0,1,0,0,1,2,49,0,4,1,1,0,1,1
1047,0,1,0,0,0,0,0,0,0,2,48,0,2,1,0,0,0,1
1048,0,0,0,1,0,0,0,0,0,1,47,0,2,1,0,0,0,1
1051,1,0,0,1,0,0,0,0,0,0,29,1,2,1,0,0,1,1
1052,1,0,0,1,0,0,1,0,0,1,52,0,2,1,0,0,1,1
1057,1,0,0,1,0,0,0,0,1,0,36,1,1,1,0,0,1,1
1059,1,0,0,1,0,1,0,0,0,1,58,0,4,1,1,0,1,0
1060,0,0,0,1,0,1,0,1,0,1,28,1,1,0,0,0,1,1
1065,1,0,0,1,0,1,0,1,0,0,29,1,5,1,1,0,1,1
1069,1,0,0,1,0,0,0,0,1,1,26,0,0,1,0,0,0,1
1072,1,0,0,1,0,0,0,0,0,2,31,1,2,1,1,0,1,1
1074,1,0,0,1,0,0,0,0,0,1,31,1,3,1,1,0,1,1
1078,1,0,0,1,0,0,0,0,0,2,34,1,3,1,1,0,1,1
1080,1,0,0,1,0,0,0,1,0,1,35,1,2,1,1,0,1,1
1081,1,0,0,1,0,0,0,0,0,2,36,1,3,1,1,0,1,0
1082,1,0,0,0,0,0,0,0,0,2,29,1,3,1,1,0,0,1
1092,1,0,0,1,0,0,0,0,1,0,32,0,1,1,1,0,0,1
1095,1,0,0,1,0,1,0,1,0,2,55,0,4,1,1,0,1,1
1096,1,0,0,1,0,0,1,0,1,1,58,0,3,1,0,0,0,1
1098,0,0,0,1,0,0,0,0,0,1,37,0,3,1,1,0,0,1
1103,0,0,0,1,0,0,0,0,1,0,30,1,1,1,1,0,0,1
1104,1,0,0,1,0,0,0,1,0,1,30,1,1,0,1,0,0,1
1110,1,0,0,1,0,0,0,1,0,2,36,1,4,1,0,0,0,0
1111,1,1,0,0,0,0,0,0,1,0,30,0,1,1,0,0,0,1
1120,0,0,0,1,0,0,0,0,0,0,32,1,1,1,1,0,0,1
1121,1,0,0,1,0,0,0,0,1,0,33,1,1,1,1,0,1,1
1125,1,0,0,0,0,1,0,0,0,1,59,1,3,1,1,0,0,1
1129,0,1,0,0,0,0,0,0,0,3,25,0,4,0,0,0,0,1
1130,0,1,0,0,0,1,0,1,0,1,51,0,3,1,0,0,0,0
1131,1,0,0,1,0,1,0,0,0,0,33,0,3,1,1,0,1,1
1135,0,0,0,1,0,1,0,0,0,2,38,0,4,1,0,0,1,1
1137,1,0,0,1,0,0,0,0,0,1,49,1,1,1,0,0,1,1
1140,1,0,0,1,0,1,0,0,0,1,47,0,5,1,0,0,0,1
1141,1,0,0,1,0,0,0,1,0,1,30,1,1,1,1,0,0,1
1147,0,0,0,1,0,1,0,1,0,3,42,1,3,0,1,0,1,1
1152,1,0,0,0,0,0,1,0,0,0,37,0,1,1,0,0,0,1
1158,1,0,0,1,0,1,0,1,0,3,55,1,4,1,0,0,1,1
1159,0,0,0,0,0,1,0,0,1,3,21,1,3,1,0,1,0,1
1166,0,0,0,1,0,0,1,0,0,2,53,1,2,0,0,0,1,1
1167,1,0,0,1,0,1,0,0,0,2,28,0,2,1,1,0,0,1
1171,1,0,0,1,0,0,0,0,0,2,29,1,1,1,0,0,1,0
1173,1,0,0,1,0,0,0,0,0,1,39,1,2,1,1,0,0,1
1177,1,0,0,1,0,0,0,1,0,2,58,1,3,0,1,0,1,1
1188,0,0,0,1,0,0,0,1,0,1,66,0,2,1,0,0,0,1
1194,0,0,0,1,0,0,0,0,0,1,31,1,3,1,1,0,1,1
1230,0,0,0,0,0,0,1,0,0,3,36,1,5,1,0,0,0,1
1233,0,0,0,0,0,0,1,0,1,1,30,0,1,1,1,0,0,0
1236,0,1,0,0,0,0,0,0,1,2,43,0,3,1,0,0,0,0
1240,0,0,0,1,0,0,1,0,0,2,34,0,3,1,1,0,0,0
1245,0,0,0,0,1,0,1,0,0,2,43,0,3,1,1,0,1,1
1246,1,0,0,1,0,0,0,1,0,1,32,0,1,1,0,0,0,1
1247,0,0,0,1,0,0,1,0,1,1,59,1,0,0,1,0,1,1
1249,1,0,0,1,0,0,1,0,0,2,68,0,3,1,1,0,1,1
1251,0,0,0,0,1,0,0,0,0,3,24,0,4,1,0,0,1,0
1254,1,0,0,0,1,0,1,0,1,2,36,0,3,1,1,0,1,0
1257,0,0,0,0,1,0,0,0,1,2,68,1,4,1,1,0,1,0
1258,0,0,0,0,1,1,0,0,1,2,36,1,1,0,1,0,0,1
1265,1,0,0,1,0,0,0,0,0,1,62,0,4,1,1,0,1,1
1268,0,0,0,0,1,0,0,0,0,2,51,0,4,1,0,0,0,0
1269,0,0,0,0,1,0,1,0,1,3,50,0,2,1,0,0,1,1
1271,0,0,0,0,1,0,0,0,0,3,34,0,4,1,0,0,0,1
1273,1,0,0,1,0,1,0,0,0,2,43,1,4,1,1,0,1,0
1275,0,0,0,1,0,0,0,0,0,4,41,1,4,0,0,0,1,1
1276,0,0,0,0,1,0,0,0,0,3,62,0,4,1,0,0,1,0
1286,0,0,0,0,1,1,0,0,0,1,28,0,2,1,0,0,0,1
1289,0,0,1,0,0,1,0,1,0,4,55,1,3,1,1,0,1,1
1293,1,0,1,0,0,1,0,0,0,2,48,1,3,0,0,0,1,1
1303,0,0,0,0,0,0,0,0,0,1,71,0,3,1,0,1,0,0
1305,0,1,0,0,0,0,1,0,1,2,64,0,3,1,0,0,0,1
1306,0,0,0,1,0,0,0,0,0,3,50,0,3,1,0,0,1,1
1315,0,0,0,0,1,0,0,0,0,1,63,0,1,1,0,0,0,1
1316,0,0,0,1,0,1,0,0,1,2,49,0,3,1,1,0,0,1
1328,0,0,0,0,1,0,1,0,1,2,65,1,3,1,0,0,0,0
1333,0,0,0,0,1,0,1,0,1,2,29,0,3,1,0,0,1,0
1336,0,0,0,0,1,0,1,1,0,1,54,1,3,1,0,0,1,1
1337,0,0,0,1,0,1,0,0,1,2,56,0,3,1,1,0,0,1
1338,0,0,0,0,1,1,0,0,1,3,50,0,4,1,0,0,1,0
1341,0,0,0,1,0,1,0,1,0,2,42,0,3,1,1,0,1,1
1345,0,0,1,0,0,0,0,0,0,2,62,1,3,1,0,0,0,1
1351,0,0,0,0,1,0,1,0,1,0,53,0,1,1,0,0,0,0
1352,0,0,0,0,1,1,0,0,0,2,58,0,3,1,0,0,1,1
1353,1,0,0,0,1,0,1,0,0,0,70,0,1,1,0,0,0,1
1356,0,0,0,0,1,0,0,0,0,2,67,0,2,1,0,0,1,1
1368,0,0,0,0,1,0,0,0,0,2,33,0,3,1,0,0,0,1
1370,1,0,1,0,0,1,0,0,0,2,32,0,3,1,0,0,0,1
1372,1,0,0,0,0,0,0,0,1,1,38,0,4,1,0,0,0,0
1378,1,0,0,1,0,1,0,0,0,1,62,0,3,1,0,0,1,0
1382,0,0,0,0,1,0,0,0,0,4,54,0,5,1,0,0,1,1
1384,0,0,0,0,1,0,0,0,1,3,62,1,4,1,1,0,1,1
1408,0,0,0,1,0,0,0,0,0,1,82,0,2,1,1,0,1,0
1409,0,0,0,1,0,0,0,0,0,1,62,0,2,1,0,1,0,1
1420,0,0,1,0,0,0,0,0,0,3,27,0,3,1,0,0,0,0
1423,1,0,0,1,0,1,0,0,0,1,69,1,1,1,1,0,0,1
1424,0,0,0,0,0,0,0,0,0,2,59,0,4,1,0,0,0,1
1426,0,0,1,0,0,0,0,0,0,1,57,1,5,1,0,0,0,0
1427,1,0,0,1,0,0,0,0,0,2,39,0,3,1,1,0,0,1
1429,0,0,0,1,0,0,1,0,0,2,58,1,4,0,0,0,1,1
1431,0,0,0,0,1,0,0,0,0,1,47,0,3,1,0,1,0,0
1439,0,0,0,1,0,0,1,0,0,1,26,0,2,1,0,0,0,0
1440,1,0,0,1,0,0,0,0,1,2,46,0,4,1,1,0,1,1
1442,0,0,0,0,0,0,0,0,0,1,70,1,2,1,0,0,0,0
1453,0,0,0,0,1,1,0,0,0,3,51,0,4,1,1,0,1,1
1458,0,0,0,1,0,0,0,1,0,1,53,0,4,1,0,0,0,1
1462,1,0,0,1,0,0,0,0,0,2,57,0,3,1,1,0,1,1
1464,0,0,0,0,1,1,0,0,0,3,53,0,3,0,0,0,1,1
1466,0,0,0,0,0,1,0,1,0,2,39,0,4,1,0,0,1,1
1470,1,0,0,1,0,1,0,0,1,2,61,0,2,1,1,0,1,1
1473,0,0,0,1,0,0,1,0,1,4,25,0,5,1,0,0,0,1
1475,0,0,0,1,0,0,0,0,0,4,22,1,5,1,0,0,1,1
1476,0,0,0,0,0,1,0,0,1,2,35,0,2,1,1,0,0,1
1478,0,0,0,0,1,0,0,0,1,2,39,1,2,1,0,0,1,1
1486,1,0,0,1,0,0,0,1,0,3,42,0,3,1,1,0,1,0
1495,0,0,0,1,0,1,0,1,0,4,50,0,2,1,1,0,0,0
1498,0,0,0,0,1,1,0,0,1,2,56,1,3,1,0,0,1,1
1502,1,0,0,0,1,0,0,0,0,3,39,0,5,1,1,0,0,1
1504,1,0,0,1,0,0,0,0,0,1,33,1,4,1,0,0,1,1
1508,1,0,0,1,0,1,0,0,0,2,60,0,4,1,0,0,1,0
1510,1,0,0,0,1,0,0,0,0,2,31,0,4,1,0,0,0,0
1511,1,0,0,1,0,0,0,1,0,2,45,0,5,1,0,0,1,1
1514,0,0,0,1,0,0,0,0,0,2,34,1,2,1,1,0,0,0
1518,0,0,1,0,0,0,0,0,0,3,67,1,3,1,0,1,0,0
1523,1,0,0,1,0,0,0,0,1,2,38,0,4,1,0,0,1,0
1526,0,0,0,0,1,0,0,0,0,2,43,1,2,1,0,0,1,0
1532,0,0,0,1,0,0,0,0,0,3,46,0,3,1,1,0,1,1
1538,1,0,0,1,0,0,1,0,0,2,53,1,4,1,0,0,1,1
1541,1,0,0,1,0,0,0,0,1,3,43,0,4,1,1,0,1,1
1552,0,0,0,1,0,0,0,0,0,2,62,0,3,1,1,0,0,1
1554,0,0,0,0,1,0,1,1,0,2,52,0,2,1,0,1,0,1
1558,0,1,0,0,0,0,0,0,0,3,59,1,2,1,0,0,0,0
1570,0,0,0,0,0,0,1,0,0,3,49,0,5,1,0,0,0,1
1585,0,0,0,1,0,1,0,1,0,2,37,1,4,1,1,0,1,1
1591,1,0,0,1,0,0,1,0,0,2,58,0,3,1,0,0,1,1
1595,0,0,0,0,0,0,1,0,1,1,58,0,2,0,0,0,0,0
1597,1,0,0,1,0,0,1,0,1,1,66,0,1,1,1,1,0,1
1604,1,0,0,1,0,0,0,0,1,2,45,0,5,1,0,0,1,1
1613,0,0,0,0,1,0,0,0,0,1,77,0,3,1,0,0,1,1
1615,0,0,0,0,1,1,0,1,0,2,76,0,1,1,0,0,0,0
1624,1,1,0,0,0,0,1,0,0,0,32,0,2,1,0,0,1,0
1635,0,0,0,0,1,1,0,1,0,3,50,0,3,1,0,0,0,1
1642,0,0,0,1,0,0,1,0,1,4,47,1,3,0,0,0,0,0
1643,1,0,0,1,0,1,0,0,0,2,49,1,4,1,0,0,0,0
1645,0,0,0,1,0,0,0,0,0,2,54,1,3,1,1,0,1,0
1647,0,0,0,0,0,0,1,0,0,3,49,0,4,1,1,0,1,1
1656,1,0,0,0,0,0,0,0,1,2,62,0,3,1,1,0,0,1
1657,1,0,0,1,0,0,1,0,1,2,68,0,4,1,0,0,0,1
1662,0,0,0,1,0,0,0,0,0,1,40,0,2,1,0,0,0,1
1663,0,1,0,0,0,1,0,1,0,2,62,0,3,1,0,0,1,1
1667,1,0,0,1,0,0,0,0,0,1,43,0,2,1,1,0,0,0
1671,1,1,0,0,0,0,1,0,0,2,37,0,4,1,0,0,0,0
1672,1,0,0,1,0,0,1,0,0,3,45,0,5,1,0,0,1,0
1676,1,0,0,1,0,1,0,0,0,2,65,1,4,1,0,0,1,0
1677,1,1,0,0,0,0,0,0,0,2,74,0,2,1,0,0,0,1
1678,0,0,0,0,1,0,1,0,1,1,74,0,0,1,1,0,0,0
1679,0,0,0,1,0,0,0,1,0,2,37,1,4,1,0,0,1,1
1680,0,0,0,0,1,1,0,0,0,3,22,0,3,1,0,1,0,1
1689,0,0,0,1,0,0,0,0,0,2,64,0,3,1,0,0,1,0
1693,0,0,0,1,0,1,0,1,0,2,45,0,3,0,0,0,0,1
1694,0,0,0,0,1,0,0,0,0,4,46,0,3,1,0,1,0,0
1706,1,1,0,0,0,0,0,0,1,1,31,0,1,0,0,1,0,0
1711,1,0,0,1,0,1,0,0,0,2,37,1,5,1,0,0,1,0
1712,0,0,0,0,1,0,0,0,0,3,30,0,4,1,0,0,0,0
1715,0,0,0,0,1,1,0,1,0,1,36,0,3,1,0,0,0,0
1716,0,0,0,0,1,0,0,0,0,3,51,0,4,1,0,0,1,1
1718,0,0,0,0,1,0,0,0,0,1,64,0,2,0,0,0,0,1
1719,1,0,0,0,1,0,1,0,0,2,53,1,3,1,0,0,0,0
1725,1,0,0,1,0,0,1,0,0,2,68,1,3,1,0,0,1,0
1730,0,1,0,0,0,1,0,1,0,2,45,0,5,1,0,0,1,1
1736,1,0,0,1,0,1,0,1,0,3,49,1,5,1,1,0,1,1
1742,0,0,0,0,1,1,0,1,0,2,39,0,2,0,0,0,0,0
1743,0,1,0,0,0,0,0,1,0,1,46,1,3,1,0,0,0,1
1752,1,0,0,1,0,0,0,0,1,2,32,1,3,0,1,0,1,1
1753,0,0,0,0,1,1,0,1,0,3,64,0,4,1,0,0,1,1
1754,0,0,0,1,0,0,0,0,0,1,65,1,3,1,0,0,1,1
1759,1,0,0,1,0,0,0,1,0,2,58,0,4,1,0,0,1,1
1760,0,0,0,0,1,0,0,0,0,1,58,0,1,1,0,1,0,0
1763,1,0,0,1,0,1,0,0,0,2,53,0,4,1,0,0,1,0
1764,1,0,0,1,0,0,1,0,0,2,49,1,3,1,0,0,0,0
1765,1,0,0,0,1,0,1,1,0,2,48,0,3,1,1,0,1,1
1766,0,0,0,0,1,0,1,1,0,2,63,0,4,1,0,0,1,0
1769,1,0,0,1,0,1,0,0,0,3,59,1,5,1,0,0,1,1
1783,0,0,0,1,0,0,0,1,0,4,55,0,4,1,0,0,1,0
1788,0,0,0,0,1,1,0,0,0,2,72,0,4,1,0,0,0,0
1791,0,0,0,0,0,0,0,0,0,3,54,1,5,1,0,0,1,0
1803,0,0,0,0,1,0,0,0,0,1,54,0,1,1,1,1,0,1
1806,0,0,0,0,1,0,1,0,1,3,59,0,3,1,0,0,0,1
1807,1,0,0,1,0,1,0,0,0,3,66,1,5,1,1,0,1,0
1808,0,0,1,0,0,0,0,0,0,4,61,1,3,1,0,0,0,1
1818,0,0,0,0,1,0,0,0,0,3,41,0,4,1,0,0,0,0
1819,1,0,0,1,0,1,0,0,1,3,64,0,2,1,0,0,0,1
1822,1,0,0,0,1,1,0,0,1,3,63,1,5,1,1,0,1,0
1826,0,0,0,1,0,1,0,1,0,3,55,0,4,1,1,0,1,1
1838,0,0,1,0,0,0,0,0,0,1,69,1,2,0,0,0,0,1
1842,0,0,0,0,0,0,0,0,0,2,64,1,2,1,1,0,1,1
1848,1,0,0,1,0,0,0,0,0,3,75,0,4,1,1,0,1,1
1851,0,0,0,0,0,1,0,1,0,4,60,0,4,1,0,0,1,1
1858,0,0,0,0,1,0,0,1,0,1,52,0,2,1,0,0,0,0
1859,0,0,0,1,0,0,0,0,0,2,64,1,2,1,0,0,1,1
1863,1,0,0,1,0,0,0,0,0,3,62,0,4,1,0,0,1,1
1869,0,0,0,0,0,0,0,0,0,3,40,0,3,1,0,0,0,0
1870,1,0,0,1,0,0,0,0,0,2,63,1,4,1,0,0,1,0
1871,1,0,0,1,0,0,1,0,0,3,53,1,5,1,1,0,1,0
1889,1,0,0,1,0,0,0,0,0,4,70,1,4,1,0,1,0,0
1891,1,0,0,0,1,0,0,0,0,4,53,0,4,1,0,0,1,0
1893,0,0,0,1,0,0,0,0,0,2,67,0,3,1,0,0,0,1
1907,0,0,0,0,0,0,0,0,1,2,39,0,2,0,0,1,0,1
1909,1,0,0,0,1,0,0,0,0,4,51,1,5,1,0,0,1,0
1922,1,0,0,1,0,0,1,0,1,2,64,1,2,1,1,0,0,1
1923,0,0,0,0,1,1,0,1,0,3,62,0,5,1,1,0,0,1
1933,1,0,0,1,0,0,1,0,1,2,65,0,4,1,1,0,1,0
1934,1,0,0,1,0,0,1,0,1,3,67,0,5,1,1,0,0,1
1941,1,0,0,0,0,0,0,0,0,3,75,1,4,1,1,0,1,0
1957,1,0,0,1,0,1,0,1,0,3,65,1,5,1,1,0,0,0
1965,0,0,1,0,0,1,0,1,0,4,60,0,4,1,0,0,1,1
1975,1,0,0,1,0,1,0,0,0,2,67,1,3,1,1,0,1,1
1987,0,0,0,0,1,0,0,0,0,2,44,1,3,0,0,0,0,0
1993,1,0,0,1,0,0,0,0,0,4,65,0,5,0,0,0,1,1
2005,1,0,0,0,1,0,1,0,1,3,61,0,3,1,1,0,1,1
2008,0,0,0,0,1,0,0,0,0,3,40,0,5,1,0,0,1,0
2009,0,0,0,0,0,0,1,0,1,1,67,0,4,1,0,0,0,1
2010,0,0,0,0,1,1,0,0,0,2,71,0,5,0,0,0,1,1
2017,0,0,0,0,1,1,0,0,0,2,28,1,5,1,0,1,0,1
2019,0,0,1,0,0,1,0,1,0,4,47,0,5,1,0,0,1,1
2024,1,0,0,1,0,0,0,0,0,1,69,1,3,1,1,0,0,1
2025,0,0,1,0,0,0,0,0,1,2,77,0,3,1,0,0,1,0
2043,1,0,0,0,1,0,0,0,0,2,60,1,3,1,0,0,1,1
2048,1,0,0,1,0,0,0,0,0,2,35,1,3,1,1,0,1,1
2062,1,0,0,1,0,0,1,0,0,2,67,0,3,1,1,0,1,1
2066,1,0,0,1,0,0,0,0,1,4,62,1,5,1,0,0,1,1
2081,0,0,1,0,0,0,0,0,0,2,73,1,5,1,0,0,0,1
2097,1,0,0,0,0,0,1,0,1,1,70,0,3,1,1,0,0,1
2108,1,0,0,0,1,0,0,0,1,3,42,0,4,1,1,0,1,1
2115,0,0,0,0,1,0,1,0,0,2,47,0,5,1,0,0,1,1
2117,0,0,0,0,1,1,0,0,0,1,40,1,1,1,0,1,0,1
2128,0,0,0,1,0,1,0,1,0,3,63,0,5,1,0,0,0,1
2132,0,0,0,0,1,0,0,0,0,4,26,1,3,1,0,0,0,0
2135,0,0,0,0,1,1,0,0,1,1,29,0,5,0,0,0,0,0
2140,0,0,0,0,1,0,0,0,0,1,64,1,1,0,1,1,0,1
2153,1,1,0,0,0,0,1,1,0,1,60,1,3,1,0,0,0,0
2157,1,0,0,1,0,1,0,0,0,2,70,1,2,1,1,0,1,1
2167,1,0,0,0,0,0,0,0,0,2,70,1,4,1,0,0,0,1
2179,0,0,1,0,0,1,0,1,0,4,43,1,3,1,0,0,1,0
2184,0,0,0,1,0,0,0,0,0,3,57,0,4,0,0,0,0,1
2189,1,0,0,0,1,1,0,0,0,2,61,0,2,1,0,0,0,0
2190,0,0,0,1,0,0,0,0,1,3,56,0,3,1,0,0,0,0
2195,0,0,0,1,0,0,0,0,0,2,31,1,3,1,0,0,0,0
2198,1,0,0,1,0,0,0,0,0,4,58,1,4,1,0,0,1,1
2200,0,0,0,0,1,0,0,0,0,3,56,1,4,1,0,0,1,0
2204,1,0,0,0,1,0,0,0,0,2,65,0,5,1,0,0,0,1
2206,1,0,0,1,0,0,0,0,0,4,65,1,4,1,0,0,1,0
2213,1,0,0,1,0,0,0,0,0,4,42,1,3,1,0,0,1,1
2224,1,0,0,0,0,0,0,1,0,1,57,1,4,1,0,1,0,1
2225,1,0,0,1,0,0,1,0,0,1,39,1,1,1,1,0,1,1
2227,0,0,0,1,0,0,1,0,1,2,41,0,4,1,1,0,1,1
2235,1,0,0,1,0,1,0,0,0,3,26,0,4,1,1,0,1,0
2236,0,0,1,0,0,0,1,0,1,2,43,1,4,0,0,0,1,1
2241,0,0,0,1,0,0,0,0,0,2,47,1,2,1,1,0,1,1
2253,1,0,0,0,1,1,0,0,0,2,64,0,3,1,1,0,1,0
2262,0,0,0,1,0,0,0,0,1,0,53,0,2,1,1,0,0,1
2271,1,0,0,0,1,1,0,1,0,2,51,0,3,1,0,0,0,1
2275,0,0,0,1,0,1,0,0,0,0,37,0,2,1,0,0,0,1
2284,1,0,0,0,1,0,0,1,0,2,35,1,4,1,0,0,0,1
2293,1,0,0,1,0,1,0,1,0,2,35,1,5,1,1,0,1,1
2297,1,0,0,1,0,0,0,0,1,2,49,1,4,1,0,0,0,1
2298,1,0,0,1,0,1,0,0,1,2,39,0,3,1,0,0,1,0
2305,0,0,0,0,1,1,0,1,0,1,53,1,2,0,0,0,1,1
2307,0,1,0,0,0,1,0,1,0,1,32,0,2,0,0,0,0,0
2309,0,0,0,1,0,0,0,0,0,4,39,0,4,1,1,1,0,1
2312,1,0,0,1,0,0,1,0,1,1,32,0,3,1,0,0,0,0
2317,0,0,1,0,0,0,0,1,0,2,55,1,3,1,0,0,0,1
2321,1,0,0,1,0,0,1,0,0,2,64,1,5,1,0,0,1,1
2328,1,0,0,0,1,0,0,0,0,1,81,0,4,1,0,1,0,1
2337,0,0,0,0,1,0,0,0,0,1,72,0,2,1,0,0,0,1
2338,1,0,1,0,0,1,0,0,1,4,45,0,4,0,0,0,0,1
2349,0,0,0,0,1,0,1,0,0,4,54,0,4,1,1,0,1,1
2352,1,0,0,1,0,0,0,1,0,2,67,1,2,1,0,0,0,1
2363,0,0,0,1,0,0,1,0,1,3,56,1,3,0,0,0,1,0
2364,1,0,0,0,1,0,1,0,1,2,76,1,3,1,1,0,1,1
2368,0,0,0,0,1,0,0,0,0,2,61,1,3,1,1,0,1,1
2387,0,0,0,1,0,1,0,0,0,2,49,1,5,1,0,0,1,0
2389,0,0,1,0,0,0,1,0,1,3,49,1,5,1,0,0,1,1
2406,0,0,0,1,0,1,0,0,1,1,60,1,3,1,1,0,0,1
2416,1,0,0,0,1,0,1,0,1,2,62,0,2,1,0,0,1,0
2425,1,0,0,1,0,1,0,1,0,2,58,0,4,1,0,0,1,1
2426,0,0,0,0,1,1,0,1,0,1,52,1,3,1,0,0,0,0
2440,0,0,0,0,1,1,0,0,1,2,44,0,5,1,0,0,0,1
2451,1,0,0,0,1,1,0,1,0,1,30,1,4,1,0,0,0,1
2452,1,0,0,1,0,0,0,0,0,2,61,1,2,1,0,0,0,1
2467,0,0,0,1,0,0,1,1,0,2,34,0,5,0,0,0,1,1
2468,0,0,0,0,0,0,0,0,0,0,57,1,1,1,0,1,0,1
2471,0,0,0,0,1,1,0,0,1,1,34,1,3,1,1,0,0,1
2479,0,0,0,0,0,0,0,0,0,4,51,0,4,1,0,0,1,0
2481,0,0,1,0,0,0,1,0,0,3,33,1,3,1,0,1,0,0
2483,1,0,0,1,0,0,1,0,0,2,50,0,3,1,0,0,1,0
2484,0,0,0,0,1,0,0,0,0,0,61,0,2,1,0,1,0,1
2485,0,0,0,1,0,0,1,0,1,2,62,0,3,1,1,0,1,1
2487,1,0,0,0,1,0,1,0,1,2,74,0,3,1,0,0,1,1
2493,1,1,0,0,0,0,1,0,1,1,32,0,3,1,0,0,0,1
2495,0,0,0,0,0,0,0,0,0,1,68,0,2,1,0,0,0,0
2496,0,1,0,0,0,1,0,1,0,1,36,1,4,1,0,0,1,1
2498,0,0,0,0,1,0,0,0,0,2,29,0,4,0,0,1,0,1
2499,1,0,0,1,0,0,1,0,1,2,62,0,3,1,0,0,0,1
2509,0,0,0,0,1,0,1,0,1,2,42,1,3,1,0,0,0,0
2521,1,0,0,0,1,1,0,1,0,0,63,0,2,0,0,1,0,1
2523,0,0,0,1,0,0,1,0,1,2,35,0,4,1,0,0,1,1
2531,0,0,0,1,0,0,0,0,0,1,43,0,4,1,0,0,0,1
2532,0,0,0,0,1,1,0,0,0,2,50,1,4,1,0,0,0,1
2540,0,1,0,0,0,0,0,0,0,1,70,0,3,1,0,1,0,0
2541,0,0,0,0,1,0,1,0,0,3,57,1,4,1,0,0,1,0
2549,0,0,0,0,1,0,1,0,1,2,21,1,3,0,0,0,0,1
2551,0,0,0,0,1,0,0,1,0,1,61,0,3,1,0,0,0,1
2561,0,0,0,0,1,0,0,0,0,1,34,0,3,1,0,0,0,1
2562,0,0,0,1,0,0,0,0,0,2,67,1,3,1,0,0,1,0
2572,0,0,0,1,0,0,1,0,1,1,75,1,5,1,1,0,0,0
2580,1,0,0,0,0,0,0,0,0,1,49,1,3,1,0,0,0,0
2582,0,0,0,1,0,1,0,0,1,1,35,0,2,1,1,0,0,0
2585,1,0,1,0,0,0,1,1,0,2,35,1,4,1,1,0,1,1
2587,0,0,0,0,1,0,1,0,0,1,67,1,1,1,0,0,0,1
2594,0,0,0,0,1,0,1,1,0,2,50,1,4,1,0,0,0,1
2595,0,0,0,1,0,0,0,0,0,3,56,0,3,1,1,0,0,1
2598,0,0,0,1,0,0,0,0,0,2,20,0,5,0,0,0,1,0
2605,1,0,0,0,0,0,0,0,0,1,29,0,1,0,0,0,0,1
2615,0,1,0,0,0,0,0,0,0,1,50,0,4,1,0,0,0,1
2620,0,1,0,0,0,0,1,0,0,1,55,0,4,1,0,0,0,0
2628,0,0,0,1,0,0,0,0,0,2,60,1,5,1,0,0,1,1
2629,1,0,0,0,1,0,0,0,0,1,44,0,2,1,1,0,1,0
2630,1,0,0,1,0,0,0,1,0,3,44,1,3,0,0,0,1,1
2637,1,0,0,1,0,0,0,0,0,2,74,0,4,1,0,0,0,0
2639,0,1,0,0,0,1,0,0,1,1,30,0,4,1,0,0,0,0
2642,1,0,0,0,0,0,1,0,0,4,56,0,2,1,0,0,0,0
2657,0,0,0,0,1,1,0,0,1,0,33,0,1,0,0,1,0,1
2662,0,0,0,0,1,0,0,0,0,2,69,0,2,1,0,0,1,0
2666,0,0,0,0,1,1,0,0,1,1,25,1,2,0,0,1,0,1
2668,0,1,0,0,0,0,0,0,1,1,57,0,3,1,0,0,1,1
2672,0,0,0,1,0,0,0,0,0,3,59,0,3,1,0,0,0,1
2673,0,0,1,0,0,1,0,1,0,2,41,1,2,1,0,0,0,0
2684,1,0,0,1,0,0,0,1,0,1,40,1,2,0,1,0,1,0
2685,0,0,0,0,1,0,0,0,0,2,45,0,3,0,1,0,1,1
2686,0,0,0,1,0,0,1,0,1,4,26,0,3,1,0,0,1,1
2692,0,0,0,1,0,0,0,0,0,2,53,0,2,1,0,1,0,0
2696,1,0,0,1,0,0,0,0,0,1,63,0,4,1,0,1,0,1
2697,1,0,0,1,0,1,0,0,1,2,65,1,4,1,1,0,1,0
2703,1,0,0,1,0,0,1,0,0,2,35,0,5,0,0,0,1,1
2705,0,1,0,0,0,0,0,0,0,1,58,1,4,1,0,1,0,0
2716,0,0,0,1,0,1,0,1,0,1,60,0,3,1,1,0,0,1
2722,0,0,0,0,1,0,0,0,0,2,24,0,5,0,0,0,0,0
2723,0,0,0,0,1,0,0,0,0,1,65,0,3,1,0,0,1,0
2725,0,0,0,1,0,0,0,0,0,2,51,1,3,0,1,0,1,1
2726,0,0,0,1,0,0,1,1,0,2,44,0,4,1,1,0,1,1
2727,0,0,0,1,0,0,1,0,0,2,58,1,3,0,0,0,0,1
2728,0,0,0,0,0,1,0,0,0,1,48,0,4,1,0,0,1,0
2741,1,1,0,0,0,0,1,1,0,2,61,0,3,1,0,0,0,0
2751,1,1,0,0,0,0,0,0,0,0,62,0,2,0,0,1,0,1
2753,0,1,0,0,0,0,0,1,0,1,25,0,4,0,0,0,0,0
2755,1,0,0,1,0,0,1,0,0,1,55,0,3,1,0,0,0,1
2761,0,0,0,1,0,0,0,1,0,2,49,0,5,1,0,0,0,0
2763,1,0,0,0,1,0,0,0,0,2,56,0,3,1,0,0,1,1
2764,0,1,0,0,0,0,0,0,0,1,37,0,3,1,0,0,0,0
2765,0,0,1,0,0,0,0,0,0,2,57,1,3,1,0,0,0,0
2767,1,0,0,0,0,1,0,0,0,2,51,1,5,0,0,0,0,0
2770,0,0,0,0,0,0,1,1,0,2,52,0,3,1,0,1,0,1
2773,0,0,0,0,1,0,0,0,0,0,55,0,2,0,0,0,0,1
2779,1,0,0,1,0,0,1,0,0,1,60,0,3,1,0,1,0,1
2780,1,0,0,1,0,0,0,0,0,2,42,0,3,1,1,0,1,0
2786,0,0,0,0,0,0,0,0,0,4,24,0,3,1,0,0,0,1
2787,1,0,0,1,0,0,0,1,0,2,31,1,3,1,0,0,0,0
2788,1,0,0,0,1,0,0,0,1,0,48,1,1,1,0,0,0,1
2792,0,0,0,0,0,0,0,0,0,2,52,1,3,1,0,0,0,1
2795,0,0,0,0,1,0,1,0,0,1,43,0,2,1,0,0,0,1
2796,0,1,0,0,0,0,0,0,0,2,71,0,3,1,0,0,0,1
2797,1,0,0,1,0,0,0,0,0,3,41,1,5,0,0,0,1,1
2802,1,0,0,1,0,0,0,0,0,0,46,0,1,0,1,0,1,0
2803,1,0,0,1,0,0,0,0,1,1,50,1,2,1,1,0,1,0
2804,0,0,0,1,0,0,0,0,0,2,51,0,3,0,1,0,0,0
2807,1,0,1,0,0,1,0,0,1,1,34,1,5,0,0,0,0,1
2811,1,1,0,0,0,0,0,0,0,2,35,1,3,1,0,0,0,1
2813,1,0,1,0,0,0,0,1,0,1,67,0,2,1,1,0,0,1
2814,0,0,0,1,0,0,0,0,0,1,51,1,2,0,0,0,0,0
2815,1,0,0,0,1,0,1,0,1,3,50,0,5,1,0,0,1,1
2818,0,0,0,1,0,0,0,0,0,1,76,0,4,1,0,0,0,1
2821,1,0,0,0,0,0,0,0,0,0,23,0,2,0,0,1,0,0
2835,0,0,1,0,0,0,1,1,0,2,47,1,3,1,0,0,1,1
2839,0,0,0,1,0,0,1,0,1,2,58,1,1,0,0,0,0,1
2841,0,0,0,0,1,1,0,0,0,2,45,1,1,1,1,0,0,0
2843,1,0,0,0,0,1,0,1,0,1,44,0,3,0,0,1,0,1
2844,0,0,1,0,0,0,0,0,0,2,74,1,3,1,0,0,0,0
2849,0,0,0,1,0,0,0,0,1,1,60,1,4,1,0,0,1,1
2864,1,0,0,1,0,1,0,0,1,2,40,1,4,1,0,0,1,1
2868,0,0,0,1,0,0,0,0,1,1,64,1,1,1,0,0,0,0
2869,0,0,0,0,1,1,0,1,0,1,66,1,2,1,1,0,0,0
2882,0,0,0,0,1,0,0,0,0,1,53,0,2,1,0,1,0,1
2891,0,0,0,0,1,0,0,0,0,1,56,0,4,0,0,0,0,0
2899,1,0,0,0,1,0,0,0,0,1,61,0,1,1,1,0,0,1
2900,0,0,0,1,0,1,0,1,0,2,38,1,3,0,1,0,1,1
2903,0,0,0,0,1,0,0,0,0,2,57,1,3,1,0,0,0,0
2918,1,0,0,0,1,0,0,0,0,2,71,1,4,1,1,0,1,1
2921,1,0,0,0,1,0,0,0,0,2,23,1,2,1,0,1,0,1
2927,0,0,0,1,0,0,0,0,0,2,31,0,2,1,0,0,0,1
2930,0,0,0,0,1,0,0,0,0,2,37,0,2,1,0,0,0,1
2936,0,0,0,0,0,0,0,0,0,0,45,0,2,0,0,1,0,0
2940,0,0,0,1,0,1,0,1,0,1,58,0,2,1,0,0,0,0
2947,0,0,0,0,1,0,1,0,1,1,64,0,3,1,0,0,0,0
2953,0,0,0,0,1,0,1,0,0,1,29,0,3,1,0,0,0,0
2956,1,0,0,0,0,0,1,0,1,1,71,0,2,1,1,1,0,1
2959,0,0,0,0,1,0,0,0,0,0,33,0,2,0,0,1,0,0
2960,0,0,0,1,0,0,1,0,0,1,25,0,2,1,0,0,0,1
2963,0,0,0,1,0,0,0,0,0,3,49,0,3,1,1,0,0,0
2965,1,0,0,1,0,1,0,0,1,1,45,1,1,1,0,0,0,0
2968,1,0,0,1,0,0,0,0,1,1,24,0,1,0,0,0,1,1
2969,0,0,0,0,1,1,0,1,0,2,54,0,4,0,1,1,0,1
2972,1,0,0,0,1,0,0,0,0,1,37,0,3,1,0,1,0,1
2975,0,0,0,1,0,0,0,0,1,2,69,1,3,1,0,0,1,1
2986,0,0,1,0,0,0,0,0,0,1,62,0,3,1,0,0,0,1
2991,1,0,0,1,0,1,0,1,0,2,67,0,5,1,1,0,1,0
2993,0,0,0,0,1,0,0,0,0,2,40,1,4,1,0,0,1,1
2999,0,0,0,0,1,0,0,0,0,1,42,0,2,1,0,1,0,0
3000,0,1,0,0,0,0,0,0,0,2,40,0,3,0,0,0,0,1
3003,0,0,0,1,0,0,0,1,0,2,27,0,3,1,0,0,0,1
3005,1,0,0,0,1,0,0,0,0,1,80,0,2,1,1,0,1,0
3010,1,1,0,0,0,0,0,0,0,0,56,0,3,0,0,1,0,1
3023,0,0,0,0,1,0,0,0,0,2,37,0,3,1,0,0,0,0
3024,1,0,0,0,1,0,1,0,1,2,47,1,3,0,0,0,0,1
3028,1,0,0,1,0,1,0,1,0,2,70,0,3,1,0,0,1,0
3031,0,0,0,1,0,0,0,0,0,1,37,0,2,1,0,0,1,1
3032,0,0,0,0,1,0,1,0,1,2,30,0,2,1,0,0,1,0
3040,0,0,0,0,1,1,0,1,0,1,52,1,3,1,1,0,0,0
3047,0,0,0,1,0,1,0,0,0,1,54,1,1,1,1,0,0,0
3051,0,0,0,0,0,0,1,1,0,1,31,0,5,1,0,1,0,0
3056,1,0,0,0,0,0,0,0,0,1,65,0,2,1,1,0,0,0
3058,1,0,0,0,1,0,0,0,0,1,54,0,1,1,0,1,0,0
3066,0,0,0,1,0,0,1,0,1,0,25,0,1,1,0,1,0,1
3067,1,0,0,1,0,0,0,0,0,1,47,1,2,1,0,1,0,0
3069,1,0,0,1,0,0,0,0,1,1,46,1,3,1,1,0,1,1
3074,1,0,0,0,1,0,0,0,0,1,58,1,0,1,0,1,0,1
3078,0,0,0,0,1,1,0,0,0,1,69,0,2,1,0,0,0,0
3082,1,0,0,1,0,0,1,0,0,1,36,0,3,1,1,0,0,0
3084,1,0,0,0,1,1,0,0,0,2,61,0,3,1,1,0,1,1
3092,0,1,0,0,0,0,1,0,0,1,79,0,4,1,0,0,0,1
3097,0,0,0,0,1,0,0,0,1,2,59,1,1,1,0,0,0,0
3100,0,0,0,0,1,1,0,1,0,2,27,0,3,1,0,0,0,1
3102,0,0,0,1,0,0,0,0,0,1,45,0,1,1,0,1,0,0
3112,0,0,0,0,0,0,0,0,0,1,47,0,3,1,0,0,0,1
3116,1,0,0,0,1,0,1,0,1,1,75,1,3,1,0,1,0,1
3118,1,0,0,0,1,1,0,1,0,1,52,1,3,1,0,0,0,0
3123,0,0,0,1,0,0,0,0,0,4,33,0,4,1,0,0,0,0
3140,0,1,0,0,0,0,0,0,0,2,40,0,2,1,0,0,1,1
3141,1,0,0,1,0,0,0,0,0,1,42,0,3,1,0,0,1,1
3150,0,0,0,1,0,0,0,0,1,0,36,0,1,1,1,0,0,1
3154,0,0,0,0,1,0,0,0,0,1,42,0,2,1,0,0,0,1
3160,1,0,1,0,0,0,0,0,0,1,30,1,4,1,0,0,0,0
3163,0,0,0,1,0,1,0,1,0,2,38,1,4,1,0,0,1,1
3164,0,0,0,0,1,0,0,0,0,2,70,0,3,1,0,0,0,1
3166,0,0,0,0,0,0,0,0,0,2,37,0,4,1,0,0,0,0
3167,1,0,0,0,1,0,0,0,0,4,46,0,4,1,0,0,1,1
3188,0,0,0,1,0,0,1,0,0,1,55,0,3,1,1,0,0,0
3193,1,0,0,0,1,1,0,0,1,1,29,0,3,0,0,0,1,1
3195,0,1,0,0,0,1,0,0,1,3,36,0,2,0,0,0,0,0
3196,1,0,0,1,0,0,0,0,0,1,34,0,3,0,0,0,0,1
3198,0,0,0,0,1,0,0,0,0,1,64,0,2,1,1,1,0,1
3199,1,0,0,0,1,0,0,0,0,1,48,0,5,0,0,0,1,1
3200,0,0,0,0,1,1,0,1,0,1,54,1,3,1,0,0,0,0
3205,1,1,0,0,0,0,0,0,1,1,33,0,2,1,0,1,0,0
3223,1,0,0,1,0,0,1,0,0,1,36,0,2,0,0,0,0,0
3237,0,0,0,0,1,0,1,0,0,1,48,1,3,1,0,0,0,0
3241,0,0,0,1,0,0,1,0,1,2,29,0,3,1,1,0,0,0
3243,1,0,0,0,0,0,0,0,0,1,50,0,2,1,1,0,0,0
3246,1,0,0,1,0,0,0,1,0,1,58,1,3,1,0,0,0,1
3257,1,1,0,0,0,0,0,0,0,1,77,0,2,1,0,0,0,1
3265,0,0,0,0,0,0,0,0,0,4,32,0,5,1,1,0,0,0
3266,0,0,1,0,0,1,0,1,0,1,43,0,2,0,0,0,0,1
3269,1,0,0,0,1,0,0,0,0,1,75,0,2,1,0,1,0,1
3271,0,0,0,1,0,1,0,1,0,1,53,0,3,1,0,0,0,0
3273,1,0,0,1,0,0,1,0,1,1,52,1,4,0,0,0,1,0
3281,1,0,0,0,0,0,1,0,1,0,44,1,4,0,0,1,0,0
3286,0,0,1,0,0,0,0,0,0,2,47,1,4,0,0,0,0,1
3288,1,0,0,0,1,1,0,1,0,0,32,1,2,0,0,1,0,1
3304,1,0,0,1,0,0,1,0,1,2,38,1,4,0,0,0,0,1
3311,0,0,0,0,1,0,1,0,0,1,63,0,4,1,0,0,0,0
3313,0,0,0,0,1,0,0,0,0,1,63,0,2,1,0,0,0,1
3324,0,0,0,1,0,0,0,0,0,1,67,0,3,1,0,0,0,1
3325,0,0,0,0,0,0,0,0,0,1,61,1,1,1,1,0,0,0
3326,0,0,0,1,0,0,0,0,0,3,29,1,5,1,0,0,0,0
3331,0,0,0,0,1,0,0,0,0,2,61,0,2,1,0,1,0,1
3333,0,0,0,0,1,1,0,1,0,2,66,0,3,1,0,0,1,1
3337,0,0,0,1,0,0,1,0,1,3,65,0,4,1,0,0,0,1
3347,1,0,0,1,0,0,0,0,0,1,53,1,1,1,0,0,1,0
3351,1,0,0,1,0,0,0,1,0,1,55,1,3,0,1,0,1,1
3354,0,1,0,0,0,0,0,0,0,3,50,0,2,1,0,0,0,0
3381,0,0,0,0,1,0,0,0,0,1,77,0,2,1,0,0,0,1
3402,0,0,1,0,0,0,1,0,0,3,44,1,5,1,0,0,1,0
3407,0,0,0,1,0,0,1,0,1,2,46,1,4,1,1,0,0,0
3412,0,0,1,0,0,0,0,0,0,3,37,1,3,1,0,0,1,0
3422,1,0,0,1,0,0,0,1,0,1,45,0,3,1,1,0,1,1
3425,0,0,0,0,1,0,1,0,0,2,52,0,2,1,1,1,0,1
3427,0,0,1,0,0,0,0,0,0,1,42,1,3,1,0,0,1,1
3440,0,0,0,1,0,0,0,0,0,2,57,0,3,1,1,0,0,1
3441,0,0,0,0,1,0,0,0,0,0,46,1,2,0,0,1,0,0
3445,0,0,0,1,0,1,0,1,0,2,63,0,2,1,0,0,0,0
3451,1,0,0,0,1,0,0,0,0,1,64,0,2,1,0,1,0,0
3452,0,0,0,0,0,0,0,1,0,2,60,1,3,1,0,0,0,1
3453,0,0,0,0,1,0,1,1,0,1,68,1,3,1,0,0,0,1
3456,1,0,0,0,1,0,0,1,0,1,40,0,2,1,0,0,0,0
3459,0,0,0,0,1,0,0,1,0,1,61,1,1,1,0,1,0,0
3462,0,0,0,0,1,0,0,0,0,1,69,0,3,1,0,0,1,1
3464,0,0,0,0,1,0,0,0,0,2,36,0,4,0,0,0,0,0
3467,0,0,0,0,0,0,0,0,0,1,65,1,1,1,0,1,0,1
3482,1,0,0,0,0,0,1,0,1,3,55,1,3,1,0,0,1,1
3499,0,0,0,0,1,1,0,0,0,1,50,0,1,1,0,0,0,1
3504,1,0,0,0,1,0,1,0,0,1,31,0,2,1,0,1,0,0
3506,0,0,0,0,1,0,0,1,0,2,58,0,3,1,0,0,0,1
3509,1,0,0,1,0,0,0,0,0,3,60,1,4,1,1,0,0,1
3510,1,0,0,0,1,0,0,0,0,2,61,1,3,1,1,0,1,1
3511,0,0,0,0,1,0,0,0,1,1,62,1,5,1,0,0,0,1
3513,0,0,1,0,0,1,0,1,0,3,44,1,4,1,0,0,1,1
3521,1,0,0,1,0,0,0,0,1,2,69,0,4,0,1,0,1,1
3522,0,1,0,0,0,0,0,0,0,2,35,0,4,1,0,0,0,0
3525,0,0,1,0,0,0,1,0,1,1,37,1,3,0,0,0,0,1
3528,0,0,0,1,0,0,0,0,0,0,51,0,0,0,0,0,0,1
3529,0,0,0,1,0,0,0,0,1,2,40,1,3,1,0,0,0,0
3544,0,0,0,1,0,0,1,0,1,2,38,0,4,1,1,0,0,1
3545,0,1,0,0,0,0,0,0,0,2,36,0,3,1,0,0,0,1
3553,1,0,0,1,0,0,0,1,0,2,54,1,4,1,0,0,1,1
3560,1,0,0,1,0,0,0,0,0,2,47,0,4,1,0,0,0,0
3561,1,0,0,1,0,0,0,0,0,2,64,0,3,1,0,0,1,1
3572,0,0,0,0,1,0,1,0,0,1,68,0,1,1,0,0,0,1
3576,0,0,0,0,0,1,0,0,0,1,46,0,3,1,0,0,0,1
3581,0,0,0,1,0,0,0,0,0,1,34,1,3,1,1,0,1,1
3584,0,1,0,0,0,0,0,0,0,2,31,0,1,1,0,0,1,0
3591,1,0,0,1,0,0,0,0,0,1,35,1,4,1,1,0,1,1
3593,1,0,0,0,1,0,0,0,0,1,42,0,3,1,0,0,0,1
3601,0,0,0,0,1,0,0,0,0,4,57,0,3,1,0,0,1,0
3621,0,0,0,0,1,0,0,0,0,2,70,1,3,1,0,0,0,0
3624,1,0,0,1,0,1,0,0,1,1,34,0,3,1,0,0,1,0
3625,0,0,0,1,0,0,1,0,0,1,31,0,3,1,0,0,1,0
3628,0,0,1,0,0,0,0,0,0,1,50,1,3,0,0,0,0,1
3638,0,1,0,0,0,1,0,1,0,3,20,0,3,1,0,0,1,1
3654,0,0,0,1,0,1,0,0,0,2,42,0,3,1,0,0,0,1
3656,1,0,0,1,0,0,0,0,0,2,33,0,3,1,0,0,1,1
3657,1,0,0,0,0,1,0,1,0,4,56,1,3,1,0,0,1,1
3664,1,1,0,0,0,0,0,0,0,2,44,0,4,1,0,0,0,1
3677,1,0,0,1,0,1,0,1,0,2,59,1,4,1,1,0,1,1
3689,0,0,0,0,1,0,0,0,0,2,71,1,4,1,1,0,0,1
3690,0,0,1,0,0,0,0,0,0,0,38,1,4,1,0,0,0,1
3693,1,0,0,1,0,0,0,0,0,2,69,1,5,1,1,0,1,1
3702,1,0,0,0,0,0,1,0,1,1,56,0,3,1,0,1,0,1
3704,1,0,0,1,0,1,0,0,0,2,37,1,3,1,0,0,1,0
3706,0,0,0,0,1,0,0,0,0,1,32,0,3,1,0,0,0,1
3708,1,0,0,1,0,1,0,1,0,2,58,0,3,1,0,0,0,0
3710,1,0,0,0,1,0,0,0,0,2,63,1,4,1,1,0,1,1
3714,0,1,0,0,0,0,0,0,0,1,62,1,3,1,0,0,0,1
3730,0,0,1,0,0,0,1,0,1,2,57,1,2,1,0,0,0,1
3733,1,0,0,1,0,0,0,0,0,2,34,0,3,1,1,0,1,0
3738,1,1,0,0,0,1,0,1,0,1,70,0,3,1,0,1,0,1
3741,0,0,0,1,0,0,0,0,0,2,76,0,4,1,0,0,0,0
3747,0,0,0,1,0,0,1,0,1,1,71,0,2,1,1,0,0,1
3750,0,0,0,1,0,1,0,1,0,1,61,1,1,1,0,0,1,0
3752,1,0,0,0,0,0,1,0,0,1,61,0,2,1,0,1,0,0
3759,0,0,0,1,0,0,0,0,0,2,40,1,3,1,1,0,0,1
3762,0,0,0,1,0,0,0,0,0,2,46,0,4,1,0,0,0,1
3768,0,1,0,0,0,0,0,0,0,2,54,0,3,1,0,0,0,1
3779,0,0,0,1,0,0,1,1,0,2,45,1,4,1,0,0,1,0
3785,1,0,0,1,0,0,0,0,0,2,39,1,4,0,0,0,0,0
3801,1,0,0,1,0,1,0,1,0,2,40,1,4,0,1,0,1,1
3802,0,0,0,0,1,0,1,0,0,1,62,1,4,0,0,0,1,1
3804,1,1,0,0,0,0,0,1,0,1,52,1,1,0,0,0,0,0
3805,1,0,0,0,1,0,1,0,1,1,54,0,2,1,0,0,0,1
3814,0,0,0,1,0,0,0,0,1,1,50,0,3,1,0,0,0,1
3819,0,1,0,0,0,0,0,0,0,4,28,0,4,1,0,0,0,1
3821,1,0,0,0,1,1,0,0,0,0,20,0,1,0,0,1,0,0
3823,1,0,0,0,1,0,0,0,0,1,55,1,3,0,0,0,1,1
3824,1,0,0,1,0,0,1,0,1,1,70,0,2,1,1,0,0,1
3825,1,0,0,1,0,0,0,1,0,2,35,1,4,1,0,0,1,1
3830,1,0,0,0,0,0,0,0,0,0,29,0,1,1,0,1,0,0
3834,0,0,0,0,1,0,0,0,0,1,61,0,3,1,0,1,0,1
3851,0,0,0,1,0,1,0,1,0,1,25,0,2,1,0,0,0,1
3852,1,0,0,1,0,1,0,1,0,2,38,1,4,1,1,0,1,1
3857,0,0,0,0,0,0,0,0,0,2,73,0,3,1,0,0,0,1
3859,0,0,0,0,1,1,0,1,0,2,32,0,3,1,0,0,0,1
3867,0,0,0,0,1,0,0,0,1,2,67,0,1,0,0,1,0,1
3872,0,0,0,0,1,0,1,0,1,4,27,0,4,0,0,1,0,1
3876,0,0,0,1,0,0,0,0,0,1,30,0,3,0,0,0,0,0
3882,1,0,0,0,1,0,0,0,0,3,55,0,3,1,0,0,1,0
3903,0,0,0,1,0,0,0,0,0,2,52,0,3,1,0,0,0,0
3909,1,0,0,0,0,0,0,0,0,2,69,1,3,1,0,0,1,1
3919,1,1,0,0,0,0,0,0,0,1,50,0,4,1,0,0,0,0
3947,1,0,0,1,0,0,1,0,1,2,60,1,3,1,1,0,1,1
3949,0,0,0,0,1,1,0,0,1,3,20,0,3,1,0,0,1,0
3951,1,0,0,1,0,0,0,0,0,0,73,1,2,1,0,0,0,1
3963,1,0,0,1,0,1,0,0,0,1,46,1,3,1,0,0,0,1
3964,1,0,0,1,0,0,0,0,0,2,74,1,2,0,1,0,1,0
3967,0,0,0,0,1,0,0,0,0,1,53,0,3,1,0,1,0,0
3969,0,0,1,0,0,1,0,1,0,1,57,1,2,1,0,1,0,0
3970,1,1,0,0,0,0,0,0,1,1,42,0,2,0,0,1,0,0
3973,0,0,0,0,1,0,0,0,0,2,66,0,2,0,0,0,0,1
3975,1,1,0,0,0,0,0,0,1,1,63,0,2,1,0,0,0,1
3977,1,1,0,0,0,0,1,0,0,1,50,0,3,1,1,0,0,0
3984,1,0,0,0,0,0,0,0,0,1,36,0,3,1,0,1,0,0
3985,0,0,0,0,1,0,1,1,0,1,52,0,4,1,0,0,0,1
3986,0,0,0,0,1,0,0,0,0,2,63,1,3,0,0,0,1,0
3990,0,0,1,0,0,0,0,0,1,2,39,1,4,1,1,0,1,1
3994,1,0,0,0,1,1,0,0,0,1,72,0,1,1,1,0,0,0
3997,0,0,0,0,0,0,0,0,0,2,28,0,0,1,0,0,0,0
4006,0,0,0,1,0,1,0,1,0,1,81,1,3,1,0,0,0,1
4007,1,0,0,1,0,0,0,0,0,2,54,0,2,1,0,0,0,1
4009,0,1,0,0,0,0,0,0,0,3,65,0,3,1,0,0,1,1
4011,1,0,0,1,0,1,0,0,0,1,37,0,2,1,1,0,0,0
4015,1,0,0,1,0,1,0,0,1,1,66,1,1,1,1,0,1,0
4016,0,0,0,0,1,0,0,0,0,2,62,0,3,1,0,0,1,0
4027,1,0,1,0,0,0,1,0,0,2,36,1,2,1,1,0,1,1
4029,1,0,0,0,1,0,0,0,0,0,27,0,1,1,0,0,1,1
4036,0,0,0,0,1,0,0,0,0,1,63,1,1,1,1,1,0,1
4037,1,0,0,0,1,0,0,1,0,2,26,0,2,1,0,0,0,1
4050,0,0,0,0,1,0,0,0,0,1,63,0,1,1,0,1,0,1
4057,1,0,0,1,0,0,0,0,0,2,33,0,3,1,1,0,1,0
4060,1,0,0,0,1,0,0,0,0,2,39,1,3,1,1,0,0,1
4061,1,0,0,1,0,0,0,1,0,2,36,1,2,1,1,0,1,1
4063,0,0,0,0,1,0,0,0,0,2,34,0,3,1,0,1,0,1
4068,0,1,0,0,0,0,0,0,0,1,71,0,3,1,0,0,0,0
4080,0,0,0,0,1,0,0,0,1,2,28,0,1,1,0,0,0,0
4084,0,0,0,0,1,0,1,0,0,3,34,0,3,1,0,0,0,1
4086,0,1,0,0,0,1,0,0,0,2,62,0,3,1,0,0,0,1
4099,0,0,0,0,0,0,0,0,0,1,25,0,3,1,0,1,0,1
4112,1,0,0,0,1,1,0,0,0,2,28,1,5,0,0,0,0,1
4114,0,0,0,0,1,0,0,0,0,3,43,0,5,1,0,0,1,0
4116,1,0,0,0,1,1,0,1,0,2,44,1,2,0,0,0,0,1
4118,0,0,0,0,1,1,0,0,1,1,24,0,2,1,0,0,0,0
4121,0,0,0,0,0,0,1,1,0,2,68,0,3,1,0,0,0,1
4124,0,0,0,0,1,0,0,0,0,2,25,0,4,0,0,0,0,1
4125,0,0,0,1,0,0,0,1,0,3,43,0,3,1,0,0,0,1
4132,0,1,0,0,0,1,0,1,0,2,34,0,3,1,0,1,0,1
4142,1,0,0,1,0,1,0,0,0,2,35,1,3,1,0,0,1,1
4154,1,1,0,0,0,0,1,0,1,1,39,0,1,1,0,1,0,1
4157,0,0,0,0,1,0,1,0,0,1,83,1,1,1,1,0,1,1
4194,0,0,0,0,0,0,1,0,1,3,20,0,3,0,0,0,0,1
4203,0,1,0,0,0,1,0,0,0,1,44,0,3,1,0,0,0,1
4207,0,0,0,0,1,0,0,0,0,1,63,0,1,1,0,0,0,0
4215,0,0,0,1,0,0,0,0,0,1,38,0,2,1,1,0,0,1
4224,1,0,0,1,0,0,0,0,0,4,56,0,5,1,1,0,0,1
4225,1,0,0,0,0,0,1,0,1,2,35,0,3,1,0,0,1,1
4256,0,0,0,1,0,0,0,0,0,1,66,0,4,1,1,0,0,0
4257,0,0,0,1,0,0,0,1,0,2,51,1,3,1,1,0,0,1
4260,0,0,0,0,1,0,0,0,0,2,33,0,3,1,0,0,1,1
4271,0,0,0,0,0,0,1,1,0,1,25,0,2,0,0,0,0,0
4273,0,0,0,0,1,0,0,1,0,2,42,1,4,1,1,0,1,0
4277,0,0,0,0,1,1,0,0,0,1,59,0,3,1,0,0,0,0
4281,0,0,1,0,0,0,1,1,0,2,35,1,3,1,1,0,1,1
4285,0,0,1,0,0,0,0,0,0,2,62,1,3,1,0,0,1,0
4290,0,0,0,0,0,0,0,0,0,1,34,0,1,1,0,1,0,0
4297,1,0,0,1,0,0,0,1,0,2,57,1,3,1,1,0,1,1
4298,0,0,0,1,0,0,0,0,0,1,35,1,3,1,1,0,0,0
4304,0,0,0,0,1,0,0,1,0,1,59,0,3,1,0,0,1,0
4320,0,1,0,0,0,0,0,0,0,2,57,0,3,1,0,0,1,1
4321,0,0,0,1,0,0,0,0,0,3,27,0,2,1,1,0,1,1
4330,0,0,0,0,0,0,0,0,0,3,68,1,4,1,0,0,0,0
4331,0,0,0,0,1,1,0,0,0,1,64,0,2,1,0,1,0,1
4335,1,0,0,1,0,0,1,0,0,3,63,0,4,1,0,0,0,1
4341,1,0,0,1,0,0,1,0,0,1,65,1,3,1,0,0,0,0
4350,1,0,0,0,1,0,1,0,1,0,66,1,3,1,1,0,1,1
4357,0,0,0,0,0,0,0,0,0,2,59,1,3,1,0,0,0,1
4361,0,0,0,0,1,0,0,0,0,1,62,0,4,1,1,0,0,1
4362,1,0,0,0,1,0,0,0,1,1,65,0,2,1,0,0,1,1
4373,0,0,1,0,0,0,1,0,1,2,48,1,2,1,0,0,0,1
4374,0,0,0,0,1,0,1,0,0,3,39,0,2,1,0,0,1,0
4381,1,1,0,0,0,0,1,0,0,1,42,0,4,0,0,1,0,0
4384,0,0,0,1,0,0,0,0,0,1,40,0,0,0,0,1,0,1
4388,1,0,0,1,0,1,0,0,0,2,40,0,4,1,0,0,1,1
4393,1,0,0,1,0,0,0,0,0,1,48,0,2,0,0,0,1,0
4403,0,0,0,1,0,1,0,0,0,2,51,1,3,1,1,0,1,0
4419,0,1,0,0,0,0,0,0,0,2,51,0,3,1,0,0,0,0
4420,0,0,0,0,1,0,0,0,0,2,45,0,4,1,0,0,1,0
4426,1,0,0,1,0,0,1,1,0,1,30,0,4,1,0,0,1,0
4436,1,0,0,0,0,0,0,0,0,1,60,0,2,1,0,0,0,1
4437,1,0,0,0,1,0,0,0,0,1,37,0,2,1,0,0,1,0
4439,0,0,0,0,1,0,0,0,1,1,51,0,2,1,0,0,0,1
4447,0,0,1,0,0,0,1,0,1,2,45,1,4,1,0,0,1,1
4448,0,0,0,1,0,1,0,1,0,4,53,0,4,1,0,0,0,0
4460,0,0,0,0,0,0,1,0,1,2,55,0,4,1,0,1,0,0
4463,0,0,0,0,1,0,0,0,0,1,59,1,2,1,0,0,0,0
4464,1,0,0,1,0,0,0,1,0,2,40,1,4,1,1,0,1,1
4471,1,0,0,0,1,0,1,0,1,2,30,1,1,1,0,0,0,0
4474,0,0,0,0,0,0,0,0,0,1,73,0,2,1,0,0,0,0
4477,1,0,0,0,1,0,0,0,1,3,48,0,3,1,0,0,1,0
4479,0,0,0,1,0,1,0,1,0,4,54,0,4,1,0,0,1,0
4486,0,0,0,0,1,0,0,0,0,2,24,0,4,1,0,0,1,1
4499,0,0,0,1,0,1,0,1,0,1,65,1,3,1,0,0,0,0
4501,0,0,0,0,1,0,0,0,0,1,72,1,1,1,1,1,0,1
4514,0,0,0,0,1,0,0,0,0,1,40,1,1,1,0,1,0,1
4515,0,0,0,0,0,0,0,0,0,2,71,0,3,1,0,1,0,1
4518,1,0,1,0,0,1,0,0,0,2,58,1,3,1,0,0,0,1
4520,0,0,0,0,1,0,1,0,1,1,25,0,1,1,0,0,0,0
4529,1,0,0,1,0,0,0,0,0,1,70,1,0,1,0,0,0,1
4536,1,1,0,0,0,0,0,1,0,2,58,0,3,1,0,0,1,1
4540,0,0,0,1,0,0,0,0,0,2,71,0,4,1,1,0,0,1
4550,1,0,0,1,0,1,0,0,0,2,58,0,2,1,0,0,1,1
4564,1,0,0,1,0,1,0,1,0,2,65,0,3,0,0,0,1,1
4573,0,0,0,0,1,0,0,0,0,1,30,0,4,1,0,1,0,1
4574,0,1,0,0,0,0,0,0,0,1,49,0,3,1,0,0,0,1
4575,0,0,1,0,0,1,0,0,1,2,33,1,5,1,0,0,1,0
4578,1,0,0,1,0,1,0,1,0,0,47,0,1,0,1,0,1,1
4581,0,0,0,1,0,0,1,0,0,3,29,0,4,1,1,0,1,1
4582,0,0,1,0,0,0,0,0,0,2,52,0,2,1,0,0,0,1
4587,1,0,0,1,0,0,1,0,1,0,73,0,2,1,0,1,0,1
4589,0,0,0,0,1,0,1,0,1,3,58,1,4,1,1,0,1,1
4593,0,0,0,0,1,0,1,0,1,4,59,0,3,1,0,0,1,0
4601,1,0,0,1,0,0,0,0,0,2,56,1,3,1,0,0,0,1
4613,0,0,0,0,1,1,0,1,0,2,66,0,4,1,1,0,1,0
4618,0,0,0,1,0,0,1,0,1,1,73,0,3,1,1,0,0,1
4626,1,0,0,1,0,1,0,0,1,1,34,0,4,0,0,0,0,1
4630,0,0,0,0,1,0,0,0,0,1,22,0,4,1,0,1,0,1
4632,1,0,0,0,1,0,1,0,1,2,44,0,3,1,0,0,1,0
4647,1,0,0,1,0,0,0,0,0,1,37,1,4,1,0,0,1,1
4649,0,0,0,0,1,0,0,0,0,1,25,0,1,1,0,1,0,1
4665,1,0,0,0,0,0,1,0,1,1,24,0,2,1,0,1,0,1
4666,1,1,0,0,0,0,0,0,0,1,27,0,2,0,1,1,0,1
4669,1,0,0,0,0,0,1,1,0,0,68,0,2,1,0,0,0,1
4670,0,0,0,1,0,0,0,0,0,2,30,0,1,0,0,0,0,1
4672,0,0,0,0,1,0,0,0,1,1,25,1,2,0,0,0,0,1
4682,0,0,1,0,0,1,0,0,0,3,57,1,3,1,0,0,0,1
4684,0,0,0,0,1,0,0,0,0,1,58,0,2,1,0,1,0,1
4686,1,0,0,1,0,1,0,0,1,1,65,0,0,1,1,0,0,1
4691,0,0,0,0,1,1,0,1,0,2,31,0,4,1,0,0,1,1
4699,0,0,0,1,0,1,0,1,0,3,34,0,4,1,0,0,0,0
4701,0,0,0,0,1,0,0,0,0,0,63,0,2,1,0,1,0,0
4703,0,1,0,0,0,0,0,0,0,1,53,0,2,1,0,0,0,0
4706,1,0,0,1,0,0,0,0,0,2,64,1,3,1,1,0,1,1
4711,1,0,0,1,0,1,0,1,0,2,33,0,3,1,1,0,1,0
4715,0,0,0,1,0,0,0,0,0,1,69,0,4,1,0,0,0,0
4718,0,0,0,1,0,0,0,0,0,2,67,1,3,1,0,0,1,1
4727,0,0,0,1,0,1,0,1,0,2,37,1,4,1,0,0,1,1
4731,0,0,0,0,1,0,1,0,1,2,62,1,3,1,0,0,1,1
4737,1,0,0,1,0,1,0,0,1,2,64,0,3,1,0,0,1,1
4739,1,0,0,0,0,0,1,0,1,1,66,0,3,1,0,0,0,0
4740,0,0,0,0,1,1,0,0,0,2,58,0,3,1,0,0,1,0
4745,1,0,0,1,0,1,0,0,0,1,60,0,2,1,0,0,0,1
4748,0,0,0,0,1,0,0,0,0,3,66,0,3,1,0,0,1,0
4749,1,0,0,1,0,0,1,0,0,1,50,0,3,0,0,0,0,1
4753,1,0,0,1,0,0,0,0,0,1,42,0,3,1,1,0,0,1
4765,1,0,0,1,0,0,0,0,1,2,36,0,3,1,1,0,1,1
4766,1,0,0,1,0,1,0,0,1,2,60,1,3,1,1,0,1,1
4773,0,0,0,0,1,1,0,1,0,3,52,0,4,0,0,0,0,1
4778,1,0,0,1,0,0,1,0,1,1,23,0,1,1,0,0,0,1
4782,0,0,0,1,0,0,0,1,0,2,35,1,2,1,0,1,0,1
4784,0,0,0,0,1,0,0,0,0,2,50,1,2,1,0,0,0,1
4791,1,0,0,1,0,0,0,1,0,2,43,0,2,1,1,0,0,1
4798,1,0,0,0,0,0,0,0,0,2,73,1,3,1,0,1,0,0
4806,0,0,0,1,0,0,0,0,1,2,39,0,3,1,1,0,1,1
4807,0,0,0,1,0,0,0,0,0,2,30,1,3,1,1,0,1,1
4808,0,0,0,1,0,0,1,0,0,2,70,1,3,1,0,0,1,0
4810,1,0,0,1,0,0,0,0,0,2,49,0,3,1,1,0,1,1
4812,1,0,0,0,0,1,0,1,0,2,56,1,3,1,0,0,1,1
4816,1,0,0,1,0,0,0,0,0,3,60,0,4,1,1,0,0,1
4818,1,1,0,0,0,1,0,0,0,1,50,0,1,0,0,0,0,1
4819,1,0,0,0,1,0,0,0,0,2,68,0,4,1,1,0,1,0
4822,1,0,0,1,0,0,0,0,0,1,57,0,2,1,0,0,0,1
4823,1,0,0,0,1,0,1,0,1,2,52,0,3,1,0,0,1,1
4827,1,0,0,1,0,0,1,0,1,3,22,0,3,1,0,0,1,1
4830,0,0,0,0,1,1,0,0,0,2,57,0,0,1,0,0,0,1
4833,0,0,0,1,0,1,0,1,0,1,39,0,4,0,1,0,1,1
4844,0,0,1,0,0,0,0,1,0,2,69,1,3,1,0,0,0,1
4846,1,0,0,1,0,0,0,0,1,2,72,1,4,1,1,0,1,1
4848,1,0,0,1,0,0,0,0,0,2,65,0,3,1,1,0,0,1
4852,1,0,0,1,0,0,0,0,0,1,45,0,3,1,1,0,1,0
4853,0,1,0,0,0,1,0,0,0,1,70,0,3,1,0,1,0,1
4854,1,0,0,1,0,0,0,1,0,1,40,1,2,1,0,0,0,0
4861,0,0,0,1,0,0,0,0,0,2,55,0,4,1,0,0,0,1
4862,0,0,0,0,1,1,0,0,0,1,30,0,4,0,1,0,0,1
4867,0,0,1,0,0,0,0,0,0,1,68,0,2,1,0,1,0,1
4876,1,0,0,0,0,0,0,0,0,1,59,0,2,1,0,1,0,0
4884,1,0,0,1,0,0,0,0,1,1,50,1,1,1,0,0,1,1
4891,0,0,0,0,1,0,1,0,1,1,67,0,3,1,0,0,1,1
4916,1,0,0,0,0,0,0,0,0,1,36,0,4,1,0,0,0,1
4918,0,0,0,0,1,0,0,1,0,2,52,1,3,1,0,0,1,0
4928,1,0,0,0,1,0,1,0,1,2,58,1,4,1,0,0,0,1
4930,1,0,0,0,1,0,0,1,0,2,62,1,3,1,1,0,1,1
4935,0,0,0,0,0,0,0,0,0,2,40,1,5,0,0,0,1,1
4940,0,0,0,1,0,0,0,0,0,2,65,0,5,1,0,0,0,1
4953,1,0,0,1,0,0,0,0,0,2,37,0,3,1,0,0,1,0
4956,0,0,0,0,1,0,1,0,1,2,57,0,3,0,0,0,0,0
4957,0,0,0,0,1,0,1,0,1,2,36,0,1,1,0,1,0,0
4960,1,0,0,1,0,0,1,0,0,3,49,0,4,1,1,0,1,1
4961,0,0,0,0,1,0,0,0,0,2,45,0,2,1,0,0,1,1
4965,0,0,0,0,1,0,1,0,1,2,50,0,2,1,0,0,0,0
4967,0,0,0,0,0,0,0,0,0,2,45,1,2,1,0,0,1,0
4978,0,0,0,1,0,0,0,0,0,1,57,0,3,1,0,0,0,0
4981,0,0,0,0,1,0,0,0,0,2,75,1,3,1,1,0,1,0
4989,1,0,0,1,0,0,0,1,0,2,37,1,5,1,0,0,1,0
4990,0,0,0,1,0,0,1,0,0,2,35,0,3,1,0,0,1,0
5010,0,0,0,0,1,0,0,0,0,1,46,0,2,0,0,0,0,1
5012,0,0,0,1,0,0,1,0,0,2,40,0,3,1,0,0,1,0
5041,1,0,0,1,0,0,1,0,0,1,60,1,1,1,0,0,0,0
5044,1,0,0,0,0,0,0,0,0,1,32,1,2,1,0,0,0,1
5045,0,0,0,0,1,0,0,0,0,1,40,0,1,1,0,0,0,0
5048,0,0,0,0,1,0,1,0,1,1,62,1,2,1,0,0,0,0
5052,0,0,0,0,1,1,0,0,1,1,46,0,2,1,0,0,0,0
5055,1,0,0,0,1,1,0,1,0,2,40,1,4,1,1,0,1,1
5065,1,0,0,0,1,0,0,0,0,2,45,0,4,1,0,0,1,0
5068,0,0,0,1,0,0,0,0,1,2,46,1,5,1,0,0,1,1
5071,0,0,0,0,1,0,0,0,0,1,58,1,3,0,0,1,0,1
5072,0,0,0,0,1,0,0,0,0,1,54,0,1,1,1,1,0,1
5077,0,0,0,1,0,0,0,0,0,1,63,0,2,1,0,0,0,1
5079,0,0,0,1,0,0,0,0,0,3,41,0,3,0,1,0,0,1
5085,1,0,0,1,0,0,0,1,0,2,38,1,4,1,0,0,1,1
5088,1,1,0,0,0,0,0,0,0,1,66,0,2,1,0,0,0,1
5093,1,0,0,0,1,0,1,0,1,1,57,0,3,1,0,0,0,1
5104,0,0,0,0,1,0,0,0,0,2,50,0,2,1,0,0,0,1
5138,0,0,0,0,1,1,0,0,0,2,42,0,3,1,0,0,0,1
5141,0,0,0,0,1,0,0,0,1,1,57,0,1,1,0,0,0,1
5143,1,0,1,0,0,0,1,0,0,2,35,1,2,1,1,0,1,0
5147,0,0,0,1,0,0,0,0,0,2,60,1,3,1,1,0,0,1
5150,0,0,0,0,1,0,0,0,0,2,45,1,5,1,0,0,1,1
5155,0,0,0,0,1,1,0,0,0,2,37,0,4,1,0,1,0,1
5161,0,0,0,1,0,1,0,1,0,1,68,0,5,1,0,0,0,0
5170,0,0,1,0,0,1,0,0,0,2,64,0,3,1,0,1,0,1
5171,1,0,0,0,1,0,1,0,0,1,50,1,3,1,0,0,0,0
5190,1,0,0,0,1,1,0,1,0,1,57,0,1,1,0,0,0,0
5203,0,0,0,1,0,0,1,0,1,2,43,1,2,0,0,0,0,0
5206,1,0,0,1,0,0,1,1,0,1,60,1,4,1,0,0,0,1
5222,1,0,0,1,0,0,1,0,0,2,37,1,3,1,1,0,1,1
5231,1,0,0,1,0,0,0,0,0,2,68,1,2,1,0,0,0,1
5235,0,0,0,1,0,0,0,0,0,2,75,1,5,0,1,0,1,1
5237,1,0,0,0,1,0,1,0,0,2,49,1,5,0,0,0,0,0
5246,0,0,1,0,0,0,1,0,1,2,41,1,4,1,0,0,0,0
5248,0,0,0,1,0,0,1,0,1,1,53,0,1,1,1,1,0,1
5250,0,1,0,0,0,0,0,0,0,2,23,0,4,1,0,0,0,0
5258,1,0,0,1,0,1,0,1,0,1,53,1,2,1,0,0,0,0
5260,0,0,0,0,1,0,1,0,1,3,45,0,4,1,0,0,0,1
5263,0,0,0,0,1,0,0,0,0,1,45,1,2,1,0,1,0,1
5268,0,0,0,1,0,0,0,0,0,2,66,0,2,1,0,0,0,1
5269,0,0,0,1,0,0,0,0,0,2,48,0,3,0,0,0,0,1
5278,0,0,0,0,1,0,1,0,1,1,71,0,3,1,1,0,0,1
5280,0,0,0,1,0,0,0,0,0,1,49,0,3,1,0,0,0,1
5294,0,0,0,0,1,0,1,0,0,1,35,1,3,0,0,0,0,1
5295,0,1,0,0,0,0,0,0,0,1,51,0,3,1,0,1,0,1
5304,0,0,0,0,0,0,0,0,0,0,54,0,2,1,0,1,0,1
5309,1,1,0,0,0,1,0,1,0,1,47,1,2,1,0,0,0,1
5313,1,0,0,1,0,0,0,1,0,2,49,0,3,1,0,0,0,0
5318,1,0,0,1,0,0,0,0,0,0,35,1,3,1,1,0,1,1
5319,1,0,0,1,0,1,0,1,0,1,51,1,2,1,0,0,1,0
5322,1,0,0,0,1,0,1,0,1,2,37,1,2,1,1,0,1,0
5324,0,0,0,0,1,1,0,0,0,3,42,0,4,1,0,0,0,1
5329,0,0,1,0,0,0,0,0,1,4,35,1,4,1,0,0,1,0
5331,1,0,0,1,0,0,0,0,0,2,45,0,4,1,0,0,0,1
5332,0,0,0,0,1,0,1,0,1,2,63,1,3,1,0,0,0,0
5333,0,0,0,0,1,0,0,0,1,2,50,0,3,1,0,0,0,1
5340,0,0,0,1,0,1,0,0,0,1,36,1,2,1,0,0,0,0
5341,0,0,0,1,0,1,0,1,0,2,42,0,1,0,0,0,1,1
5342,0,0,0,0,0,0,0,0,0,2,68,0,2,1,0,1,0,1
5355,0,1,0,0,0,0,0,0,1,2,46,0,2,1,0,0,0,0
5357,0,0,0,1,0,0,0,0,1,3,32,0,4,1,1,0,1,0
5358,0,0,0,0,1,0,1,0,1,3,71,1,3,1,0,0,0,0
5366,1,0,0,1,0,1,0,0,1,1,39,0,2,1,0,0,1,1
5367,1,0,1,0,0,0,0,1,0,2,62,1,3,1,0,0,1,0
5371,0,0,0,0,1,0,1,0,1,2,32,0,3,1,1,0,1,0
5376,0,0,0,0,1,1,0,1,0,1,39,0,4,1,0,0,0,0
5380,0,0,0,0,1,1,0,1,0,2,50,0,4,1,0,0,0,0
5389,0,0,0,1,0,0,0,0,0,2,48,0,4,1,0,0,0,1
5395,1,0,0,1,0,1,0,1,0,1,50,0,3,1,1,0,0,0
5404,1,0,0,0,1,1,0,1,0,1,45,1,1,1,0,1,0,0
5406,1,0,0,0,0,1,0,0,0,1,35,0,1,0,1,0,1,1
5419,0,0,1,0,0,1,0,0,0,3,64,1,3,1,1,0,1,1
5423,0,0,0,0,1,1,0,0,0,1,35,1,2,0,0,1,0,1
5426,1,0,0,1,0,0,0,0,0,0,58,0,1,1,1,0,1,1
5428,0,0,1,0,0,0,1,0,1,0,65,1,2,1,0,1,0,1
5429,1,0,0,1,0,0,1,0,1,2,49,1,4,0,0,0,0,0
5434,0,0,0,0,1,0,0,0,0,1,69,0,4,1,0,0,0,0
5438,0,0,0,1,0,0,1,0,1,1,39,0,1,1,0,1,0,0
5447,0,0,0,0,1,0,0,0,0,1,32,0,2,1,0,1,0,1
5454,0,0,0,0,1,0,0,0,0,0,60,1,2,1,0,1,0,1
5460,0,0,0,0,1,0,0,0,0,2,41,1,3,1,0,0,0,1
5463,0,0,0,0,1,0,1,0,0,2,41,1,3,1,0,0,1,1
5469,1,0,0,0,1,0,1,0,0,3,71,0,5,1,0,0,0,0
5473,0,0,0,1,0,0,0,0,1,0,42,0,1,1,1,0,0,1
5479,1,0,0,0,1,0,1,0,0,1,48,0,1,1,1,0,1,1
5494,1,0,0,0,0,0,0,0,0,2,66,0,3,1,0,0,0,1
5500,0,1,0,0,0,0,0,0,0,1,64,0,2,1,0,0,0,1
5511,0,0,1,0,0,0,0,0,0,1,45,1,2,0,0,1,0,0
5518,0,0,0,1,0,0,0,1,0,2,58,1,3,1,0,0,0,1
5520,1,0,0,1,0,0,0,0,0,2,46,0,3,1,0,0,1,1
5526,0,0,1,0,0,0,0,0,0,1,54,1,3,1,0,0,0,1
5528,1,0,0,1,0,0,0,0,1,1,34,1,3,1,1,0,1,0
5532,0,0,0,0,1,0,0,0,0,2,52,0,3,0,0,1,0,0
5533,0,1,0,0,0,0,0,1,0,2,52,1,3,1,0,0,0,1
5541,0,0,0,1,0,1,0,0,0,3,50,0,3,1,0,0,0,1
5547,0,0,0,1,0,0,0,0,0,3,54,0,4,1,0,0,1,0
5554,0,0,0,1,0,1,0,0,0,2,40,0,5,1,1,0,1,1
5556,1,0,0,1,0,1,0,0,0,1,64,1,5,1,1,0,0,0
5560,0,0,0,1,0,0,1,1,0,2,44,1,3,0,0,0,1,1
5568,0,0,0,0,1,0,0,0,0,2,52,0,2,1,0,1,0,1
5576,0,0,0,0,1,0,0,0,0,3,46,0,5,1,0,0,0,0
5579,0,0,0,1,0,0,0,1,0,2,42,0,3,0,0,0,1,1
5630,1,0,0,1,0,0,0,0,1,2,70,1,3,1,1,0,0,0
5661,1,0,0,1,0,0,1,1,0,1,32,1,3,1,1,0,1,1
5665,1,0,0,1,0,0,0,0,0,2,47,0,5,1,0,0,0,1
5666,0,0,1,0,0,0,1,0,1,2,69,1,3,1,0,0,1,0
5670,1,0,0,0,1,0,0,0,0,3,60,1,4,1,1,0,1,1
5698,0,1,0,0,0,0,0,0,0,1,57,0,3,1,0,1,0,0
5717,0,0,1,0,0,0,0,0,0,1,53,1,1,0,0,1,0,0
5726,1,0,0,1,0,0,1,0,0,1,51,0,2,0,0,0,0,1
5741,0,0,0,1,0,0,0,0,0,2,33,0,3,0,1,0,0,0
5744,0,0,0,1,0,0,1,0,0,2,34,0,3,1,0,0,1,1
5753,0,0,0,0,1,0,1,0,0,1,52,0,1,1,0,1,0,0
5767,1,0,0,0,1,0,0,0,0,2,51,0,3,1,1,0,1,1
5789,1,0,0,1,0,1,0,0,0,1,58,0,3,1,0,0,1,1
5793,1,1,0,0,0,0,0,0,0,3,55,0,4,1,0,0,0,1
5798,0,0,0,0,1,1,0,0,0,3,70,1,4,1,0,0,0,0
5805,1,0,0,1,0,0,0,0,0,2,64,1,3,1,0,0,0,1
5806,1,0,0,1,0,0,1,0,0,3,26,0,2,0,0,1,0,1
5809,1,0,0,1,0,1,0,0,0,3,73,1,4,1,1,0,1,0
5834,0,0,0,0,1,0,0,0,0,2,27,0,3,1,0,0,0,0
5841,0,0,0,1,0,0,0,1,0,2,70,0,4,1,0,0,0,1
5849,0,0,0,0,1,0,0,0,1,2,56,1,4,1,1,0,1,1
5862,1,0,0,1,0,0,0,0,0,1,70,0,2,1,0,1,0,1
5863,1,0,0,1,0,0,0,0,0,1,28,1,4,1,0,0,1,1
5870,1,0,0,1,0,0,1,0,1,2,55,0,3,1,0,0,1,1
5871,0,0,0,1,0,0,0,0,0,1,55,1,2,1,0,0,0,1
5876,1,0,0,0,0,0,1,0,1,4,44,0,3,0,0,0,0,1
5878,0,0,1,0,0,0,0,0,0,1,66,1,2,1,0,0,0,1
5879,0,0,0,0,1,0,1,0,1,2,53,1,1,0,0,1,0,0
5883,1,0,0,1,0,0,0,0,0,1,54,1,3,1,0,1,0,0
5886,1,0,0,0,1,0,1,0,0,1,43,0,3,1,0,0,0,1
5887,0,1,0,0,0,0,0,0,0,2,67,0,3,1,0,0,0,0
5892,0,0,0,0,1,1,0,0,1,2,39,1,4,1,1,0,0,1
5894,1,0,0,0,0,1,0,1,0,1,45,0,3,0,0,0,0,1
5895,1,0,0,1,0,0,0,1,0,2,59,1,3,1,1,0,1,1
5904,1,0,0,0,1,0,0,0,0,3,63,0,2,1,0,0,0,1
5906,1,0,0,1,0,0,0,0,0,2,43,0,2,0,0,0,1,1
5909,1,0,0,1,0,0,0,0,0,1,43,1,3,1,0,0,1,0
5925,1,0,0,1,0,0,0,0,0,2,53,0,5,1,1,0,1,1
5949,0,0,1,0,0,0,0,0,0,1,60,1,3,1,0,0,0,1
5955,0,0,0,0,1,1,0,1,0,3,30,0,2,0,0,0,0,1
5970,0,0,0,1,0,0,0,0,0,2,26,0,2,1,1,0,0,1
5972,0,0,1,0,0,0,1,0,0,2,57,0,2,1,0,0,0,1
5977,1,0,0,1,0,1,0,1,0,2,40,0,3,1,1,0,1,1
5982,1,0,0,0,0,0,0,0,1,2,47,0,4,1,1,0,1,0
5989,0,0,0,0,0,0,0,0,0,2,39,0,1,1,0,1,0,0
6000,0,0,0,0,1,0,0,0,1,4,22,0,4,1,0,0,1,0
6001,0,0,0,1,0,0,0,0,0,1,44,0,4,1,1,0,0,1
6008,0,0,0,0,1,0,1,0,1,3,26,1,3,0,0,0,0,0
6014,0,0,1,0,0,0,0,0,0,1,58,1,3,1,1,0,1,1
6016,1,0,0,0,1,1,0,0,0,2,42,1,3,1,0,0,1,0
6020,0,0,0,1,0,0,0,0,0,1,48,0,3,0,0,0,0,1
6025,1,0,0,1,0,1,0,0,0,1,52,0,2,1,0,0,1,1
6030,1,0,0,0,1,1,0,1,0,2,30,0,3,1,1,0,0,1
6031,0,0,0,1,0,1,0,0,0,2,24,0,3,1,0,0,1,1
6034,0,0,0,0,1,0,0,1,0,1,56,1,3,1,0,1,0,1
6036,0,0,0,1,0,0,0,1,0,2,48,0,4,1,1,0,1,1
6039,0,0,0,1,0,0,0,0,1,2,50,0,5,1,1,0,1,1
6043,1,0,0,1,0,0,0,0,0,2,60,0,4,1,1,0,0,1
6048,0,0,0,0,1,0,1,0,0,1,50,0,3,1,0,0,0,1
6054,1,0,0,0,0,0,1,0,1,1,68,0,3,1,0,1,0,0
6056,0,0,0,0,1,1,0,0,1,1,33,0,2,1,0,0,0,1
6059,0,0,0,1,0,0,0,1,0,2,42,1,2,1,0,0,1,1
6064,1,0,0,0,0,1,0,0,0,1,35,0,1,0,0,0,0,0
6067,0,0,0,0,1,0,1,1,0,3,23,0,3,0,0,0,0,0
6077,0,0,0,0,0,0,0,0,0,1,36,0,2,1,1,0,0,0
6080,1,1,0,0,0,0,0,0,1,1,48,0,2,0,0,0,0,0
6090,1,0,0,1,0,1,0,0,0,4,48,0,2,1,0,0,1,0
6092,0,0,0,0,1,0,0,0,0,3,61,1,4,1,0,0,0,1
6095,0,0,0,0,1,0,0,0,0,2,50,0,5,1,0,0,1,1
6107,0,1,0,0,0,0,0,0,0,4,46,0,4,1,0,0,1,0
6113,0,0,0,1,0,0,0,0,1,1,23,0,3,1,0,1,0,0
6116,0,0,0,1,0,1,0,1,0,2,67,1,3,1,1,0,1,0
6122,1,0,0,1,0,0,0,0,0,1,38,0,2,1,1,0,0,1
6124,0,0,0,0,1,0,1,0,0,1,60,0,2,1,0,0,0,1
6130,0,0,0,1,0,1,0,0,1,1,42,1,1,1,0,0,0,1
6143,1,1,0,0,0,0,0,0,0,1,37,0,1,1,0,0,0,1
6153,0,0,0,0,1,0,0,0,0,2,61,0,2,1,0,0,1,1
6155,0,0,0,0,1,0,0,0,0,1,59,1,2,1,1,0,0,1
6170,0,0,0,1,0,0,0,1,0,4,45,0,4,1,0,0,1,1
6178,1,0,0,0,1,0,0,0,0,2,45,1,3,1,0,0,1,1
6188,0,0,0,1,0,0,0,0,0,2,34,1,2,1,1,1,0,0
6212,1,0,0,1,0,0,1,0,0,3,46,0,3,1,0,0,1,0
6219,1,1,0,0,0,0,1,0,0,1,61,0,0,1,0,1,0,1
6221,0,0,0,0,1,0,1,0,1,2,35,0,4,1,0,0,0,1
6246,0,0,0,1,0,0,0,0,1,1,58,0,3,1,1,0,0,1
6248,0,0,0,1,0,0,0,0,0,4,53,0,4,1,0,0,1,0
6257,0,1,0,0,0,0,0,0,0,1,75,0,2,1,1,1,0,0
6260,0,0,0,0,1,0,0,0,0,3,67,0,3,1,0,0,0,0
6286,1,0,0,0,0,0,0,0,0,2,60,0,3,1,1,0,0,1
6288,0,0,0,1,0,1,0,0,0,2,45,0,4,1,0,0,1,0
6293,0,0,0,0,0,1,0,1,0,2,38,0,3,1,0,0,0,1
6318,0,1,0,0,0,0,1,0,1,1,69,1,3,1,1,0,0,0
6319,0,1,0,0,0,0,0,0,0,1,60,0,4,1,0,0,0,0
6326,0,0,0,1,0,0,0,0,0,3,28,1,2,1,1,0,1,1
6338,0,0,0,0,1,0,1,0,0,2,61,0,4,1,1,0,0,1
6344,1,0,0,0,1,0,0,0,0,1,63,1,2,1,0,0,0,1
6348,1,0,0,1,0,0,0,1,0,2,46,0,3,0,1,0,1,1
6351,1,0,0,1,0,1,0,0,0,2,51,0,2,1,0,0,1,1
6354,0,0,0,0,1,0,0,0,0,2,32,0,4,0,0,1,0,0
6361,1,0,0,1,0,1,0,1,0,1,41,0,5,1,0,0,0,1
6362,0,0,0,0,1,1,0,1,0,2,25,1,4,1,0,0,0,0
6365,1,0,1,0,0,0,0,0,1,1,59,1,3,1,0,0,0,1
6376,0,1,0,0,0,1,0,0,1,1,63,0,0,1,0,1,0,1
6379,0,0,0,0,1,1,0,1,0,3,59,0,3,1,0,0,1,1
6384,0,0,0,0,1,0,1,0,1,4,22,0,4,1,0,0,1,1
6400,0,0,0,1,0,0,0,0,0,3,30,1,1,0,0,0,1,0
6401,0,0,0,0,1,0,1,0,1,3,52,0,3,1,0,0,0,1
6409,0,0,0,0,1,1,0,0,0,1,36,1,2,1,0,1,0,1
6417,1,0,0,1,0,1,0,1,0,2,34,0,3,1,0,0,0,1
6429,1,0,0,1,0,1,0,1,0,2,36,0,2,1,1,0,1,1
6432,0,0,0,0,1,0,0,0,0,3,57,0,4,1,0,0,1,1
6435,0,0,0,0,1,0,0,0,0,1,22,0,3,0,0,0,0,0
6437,0,0,0,1,0,1,0,1,0,2,45,0,4,1,0,0,1,1
6447,1,0,0,0,0,0,0,0,0,1,53,1,4,1,0,0,0,0
6450,1,0,0,1,0,0,0,0,0,2,43,0,4,1,1,0,1,1
6453,0,1,0,0,0,1,0,0,1,2,34,0,2,1,0,0,0,0
6466,0,0,1,0,0,0,0,0,0,2,59,0,4,1,0,1,0,1
6467,0,0,0,0,0,0,0,0,0,1,65,0,2,1,0,1,0,1
6490,0,0,0,0,1,0,1,0,1,2,59,0,3,1,0,1,0,0
6491,0,0,0,0,1,0,0,0,1,2,22,0,3,1,0,0,0,0
6495,1,0,0,1,0,1,0,0,0,1,51,1,3,0,0,1,0,1
6507,0,1,0,0,0,0,1,0,1,1,52,1,3,0,0,0,0,1
6514,0,0,0,1,0,1,0,0,1,1,55,0,4,1,1,0,0,1
6521,1,0,0,1,0,0,0,1,0,3,48,1,3,1,0,0,1,1
6523,0,0,0,0,0,0,1,1,0,2,65,0,3,1,1,0,0,1
6524,0,0,0,0,1,0,0,0,0,3,29,0,3,1,0,1,0,0
6532,0,0,0,0,1,1,0,1,0,2,20,0,3,1,0,1,0,0
6534,1,0,0,1,0,1,0,0,1,1,30,1,1,1,0,0,1,1
6539,1,0,0,0,1,0,1,0,0,2,51,0,3,1,0,0,0,0
6543,0,0,0,0,1,1,0,1,0,2,41,1,4,1,0,0,0,0
6544,0,0,0,1,0,0,0,0,1,2,82,0,4,1,0,0,0,1
6548,0,0,0,0,0,0,0,0,0,2,57,0,4,0,0,0,0,0
6560,1,0,0,0,1,0,0,0,0,3,50,1,4,1,0,0,1,0
6562,0,0,0,0,1,1,0,1,0,2,46,0,3,1,1,1,0,1
6597,0,0,0,1,0,1,0,1,0,1,26,0,5,1,0,0,0,1
6611,1,0,0,0,0,1,0,0,0,3,34,0,3,1,0,0,1,1
6642,0,0,0,0,1,0,0,0,0,1,77,1,2,1,1,0,0,1
6643,0,0,0,0,1,0,0,0,0,0,59,1,1,1,0,0,1,1
6648,0,0,0,0,1,1,0,0,0,1,66,1,0,1,0,1,0,0
6649,0,0,0,0,0,0,1,0,0,1,48,0,3,1,0,1,0,1
6651,1,0,0,0,0,0,1,0,0,2,34,0,4,1,0,0,1,1
6655,1,0,0,1,0,0,1,0,1,0,26,0,4,0,0,1,0,0
6670,1,0,0,1,0,0,0,1,0,2,51,1,3,1,0,0,1,1
6681,0,1,0,0,0,0,0,0,0,2,73,1,5,1,1,0,1,0
6685,0,0,0,0,1,0,1,0,1,3,55,0,4,0,0,0,1,0
6701,0,0,0,0,1,0,0,0,0,2,62,0,3,1,0,0,0,0
6719,0,0,0,1,0,0,0,0,0,1,70,1,5,1,1,0,1,1
6732,0,0,0,0,1,0,1,0,1,2,80,1,3,1,0,0,0,0
6744,0,0,0,1,0,0,0,1,0,2,43,0,2,1,0,0,0,0
6754,0,0,0,0,1,0,0,0,0,1,61,0,3,1,0,1,0,1
6760,1,0,0,1,0,0,0,0,0,1,29,1,1,1,0,0,1,1
6763,1,1,0,0,0,1,0,0,0,2,27,0,3,1,0,0,0,1
6789,1,0,0,1,0,1,0,1,0,3,34,0,3,1,0,1,0,0
6794,1,0,0,0,1,0,0,0,0,3,33,0,5,1,0,0,1,1
6800,0,0,0,1,0,1,0,0,0,3,34,0,3,1,0,0,0,1
6811,1,0,1,0,0,1,0,0,1,2,34,1,4,1,1,0,0,1
6817,0,0,0,0,1,0,0,0,0,1,75,0,2,1,1,0,0,1
6818,0,0,0,0,1,0,0,0,0,3,73,0,3,1,0,0,0,1
6828,0,0,0,1,0,0,1,0,1,4,52,0,4,1,1,0,1,1
6830,0,0,0,1,0,0,0,0,1,3,31,0,4,1,0,0,0,0
6840,1,0,0,1,0,0,1,0,0,3,49,0,4,1,0,0,1,0
6846,1,0,0,1,0,0,1,1,0,2,49,1,5,1,1,0,1,1
6856,0,0,0,0,1,1,0,0,0,2,30,0,2,1,0,0,0,0
6877,0,0,0,1,0,0,0,0,0,4,63,0,5,1,1,0,1,1
6885,1,0,0,1,0,0,0,0,0,2,71,0,3,1,0,0,0,1
6900,0,0,0,1,0,0,0,0,0,2,51,0,3,1,0,0,0,0
6907,0,0,0,0,1,0,1,0,1,2,69,0,3,1,0,0,0,0
6909,1,0,0,1,0,0,1,0,1,2,71,1,3,1,0,0,0,1
6930,1,0,0,1,0,0,0,0,0,2,39,1,1,1,0,0,0,1
6932,1,0,0,0,1,0,1,0,1,1,59,1,2,1,1,0,0,1
6943,0,0,0,1,0,1,0,1,0,3,42,0,4,0,1,0,0,1
6944,1,0,0,1,0,0,1,0,0,2,49,0,2,1,1,0,0,1
6946,0,0,0,0,0,0,1,0,1,0,72,0,1,1,0,1,0,1
6949,0,0,0,1,0,0,0,0,0,2,65,0,3,1,0,0,0,1
6971,0,0,0,0,1,0,0,0,0,2,30,0,4,1,1,0,0,0
6974,1,0,0,1,0,0,0,0,0,2,51,1,4,1,1,0,1,0
6984,0,0,0,0,1,0,0,0,0,2,35,1,2,0,1,0,0,1
6987,0,0,0,0,1,0,1,0,0,2,43,0,3,1,1,0,0,0
6993,0,0,0,1,0,0,0,0,0,2,58,0,3,1,0,0,0,0
6994,0,0,0,0,1,1,0,1,0,3,41,1,5,0,0,0,0,1
7002,0,0,0,1,0,0,0,0,1,1,30,0,1,1,0,0,0,0
7007,0,0,0,1,0,0,0,1,0,1,36,0,2,1,1,0,0,1
7020,1,0,0,0,1,1,0,0,1,2,61,0,3,1,1,0,1,0
7037,1,0,0,1,0,0,0,0,0,1,52,0,2,1,1,0,0,0
7038,0,0,0,1,0,0,0,0,0,2,45,0,3,1,1,0,0,0
7060,0,0,0,1,0,0,0,0,0,2,34,0,3,1,0,0,0,1
7093,0,1,0,0,0,0,0,1,0,4,25,0,4,1,0,0,0,0
7094,0,0,0,1,0,1,0,1,0,2,59,1,3,1,0,0,0,0
7103,0,0,0,1,0,0,0,0,0,0,51,0,2,1,1,0,0,1
7113,0,0,0,1,0,0,0,0,0,1,36,1,1,0,1,0,0,1
7114,0,0,0,1,0,1,0,0,0,2,64,1,3,1,1,0,1,1
7120,1,0,0,0,1,1,0,0,1,1,39,0,4,0,1,0,0,1
7128,0,0,0,1,0,0,0,0,0,2,58,0,5,1,0,0,0,1
7136,0,0,0,0,1,1,0,0,0,2,32,0,4,1,1,0,1,1
7155,1,0,0,1,0,0,1,0,1,1,39,1,3,0,0,0,0,0
7174,0,0,0,1,0,0,1,0,1,1,64,0,3,1,0,0,1,0
7176,0,0,0,0,1,0,0,0,0,2,58,0,3,1,0,0,1,1
7178,1,0,0,1,0,1,0,1,0,3,58,1,4,1,0,0,0,0
7182,1,0,0,1,0,0,0,0,0,2,68,1,4,1,0,0,1,1
7208,0,0,0,1,0,0,1,1,0,2,34,1,3,1,0,0,0,1
7220,0,0,0,1,0,0,1,0,0,1,26,0,2,1,0,0,0,1
7224,1,0,0,0,0,0,0,0,0,2,55,0,2,1,0,0,0,1
7225,1,0,0,1,0,0,0,0,0,2,30,0,3,1,1,0,0,1
7245,0,0,0,0,1,0,1,0,1,1,26,0,2,1,0,1,0,0
7263,1,0,0,0,1,0,1,0,1,1,71,1,3,1,0,0,0,0
7267,0,0,0,0,1,0,0,0,0,1,52,0,2,0,0,1,0,1
7283,0,0,0,1,0,0,0,0,1,2,29,0,1,1,0,0,1,1
7290,1,0,0,0,0,0,0,0,0,1,70,0,2,1,0,1,0,1
7301,1,0,0,0,1,0,0,0,0,1,52,0,3,1,0,1,0,0
7305,0,0,0,1,0,1,0,0,0,1,64,0,3,0,1,0,0,0
7320,1,0,0,1,0,0,0,0,1,2,53,0,4,1,0,0,1,0
7322,0,0,0,1,0,0,0,0,0,0,42,0,1,0,0,1,0,0
7326,0,0,0,0,0,0,0,0,0,1,41,0,2,1,0,0,0,1
7332,0,0,0,0,1,0,0,0,0,1,52,0,4,0,0,0,0,1
7338,0,0,0,1,0,0,0,0,0,1,42,1,4,0,1,0,1,1
7345,0,0,1,0,0,0,0,0,0,2,40,0,2,1,0,0,0,1
7348,1,0,0,0,1,1,0,0,0,1,32,0,3,0,0,0,0,1
7355,0,0,0,1,0,0,0,0,0,1,42,0,2,1,0,1,0,1
7367,1,0,0,0,0,0,0,0,1,1,52,0,3,0,1,0,0,0
7372,1,0,0,1,0,0,0,0,0,1,44,1,3,1,0,0,1,0
7384,1,0,0,0,0,0,0,0,0,0,24,1,3,0,0,0,0,0
7396,0,0,0,0,0,0,1,0,1,2,28,0,2,1,0,0,0,0
7402,0,0,0,1,0,0,1,0,1,3,36,0,5,1,0,0,1,1
7408,1,0,0,0,0,0,0,0,0,3,58,0,4,1,0,0,0,1
7415,0,0,0,1,0,0,0,0,0,2,60,0,3,1,0,0,0,0
7422,0,0,0,0,1,0,1,0,1,2,40,0,4,0,1,0,1,1
7426,0,0,0,0,1,1,0,1,0,2,51,0,3,1,0,0,0,0
7428,0,0,0,0,1,1,0,1,0,1,59,0,3,1,0,0,0,1
7436,1,1,0,0,0,0,0,0,0,0,53,0,1,0,0,1,0,1
7438,0,0,0,1,0,0,0,0,0,1,74,0,3,1,0,0,0,0
7452,0,0,0,0,1,0,0,0,0,1,72,1,2,1,0,0,0,1
7458,0,0,0,0,1,0,0,0,0,2,63,0,3,1,0,0,1,1
7460,0,0,0,0,1,0,0,0,0,1,50,1,2,1,1,0,1,1
7462,1,0,0,1,0,0,1,0,0,1,66,0,2,0,1,1,0,1
7463,0,0,0,0,0,0,0,0,0,1,41,1,2,1,0,0,0,1
7466,1,0,0,1,0,0,1,0,1,4,21,0,3,1,0,0,1,1
7473,0,0,0,0,1,0,0,0,0,0,50,0,2,1,0,0,0,1
7476,1,0,0,1,0,0,0,0,0,2,53,0,4,0,1,0,0,1
7477,0,0,0,0,1,1,0,1,0,2,34,1,2,1,0,0,0,1
7481,0,0,0,0,1,0,1,0,0,3,65,0,3,1,1,0,1,0
7487,1,0,1,0,0,1,0,1,0,1,31,1,3,1,0,0,0,0
7490,1,0,0,1,0,0,0,0,1,0,42,1,3,1,1,1,0,1
7498,0,0,0,1,0,0,0,0,0,3,45,0,4,1,0,0,1,1
7518,0,0,0,0,1,0,0,0,0,3,79,0,5,0,0,0,0,1
7522,0,0,1,0,0,0,1,0,1,2,37,1,5,1,0,1,0,1
7523,1,0,0,0,0,0,0,0,0,1,47,0,3,1,0,0,0,1
7526,0,0,0,0,1,0,0,0,0,2,34,0,3,1,0,0,1,1
7538,0,0,0,1,0,0,0,0,0,3,61,0,4,1,1,0,0,0
7540,0,0,0,1,0,0,0,0,0,2,55,0,4,1,0,0,0,1
7543,1,0,0,0,1,0,0,1,0,1,39,0,2,1,0,0,0,1
7549,0,0,0,1,0,0,0,0,0,1,33,0,2,0,1,1,0,1
7578,1,0,0,0,0,0,1,0,1,3,32,0,4,1,1,0,0,0
7603,1,0,0,1,0,0,0,0,0,1,64,0,3,1,0,1,0,1
7620,1,0,0,0,1,1,0,0,0,3,46,1,4,1,1,0,1,1
7625,0,0,0,0,1,0,0,0,0,2,61,0,2,1,0,0,0,0
7630,1,1,0,0,0,0,0,0,0,1,54,0,3,0,0,0,0,1
7637,0,0,0,1,0,0,0,0,0,2,44,0,3,1,0,0,0,0
7638,0,0,0,1,0,0,0,0,1,1,26,0,1,1,0,0,0,1
7640,1,1,0,0,0,1,0,0,0,2,35,1,2,1,1,0,1,0
7649,0,0,0,0,1,0,0,0,0,4,58,1,5,1,1,0,1,0
7669,1,0,0,1,0,0,1,0,0,3,29,0,5,0,0,0,0,0
7672,0,0,0,0,1,0,0,0,0,3,50,0,3,1,0,0,1,1
7674,0,0,0,0,0,0,0,0,0,1,48,0,1,1,0,1,0,0
7678,1,0,0,1,0,0,0,0,0,3,62,0,5,1,1,0,1,1
7682,1,1,0,0,0,1,0,0,1,1,34,1,4,1,0,0,0,1
7687,1,0,0,1,0,0,0,0,0,2,69,1,5,1,1,0,1,1
7698,1,0,0,0,0,1,0,1,0,3,36,0,5,1,0,0,0,1
7700,1,0,0,1,0,0,0,0,0,1,72,1,2,1,1,0,0,1
7702,0,0,0,1,0,0,0,0,1,2,34,0,4,0,0,0,1,1
7704,1,0,0,1,0,1,0,0,0,1,35,1,2,0,0,0,0,0
7714,0,0,0,0,1,1,0,1,0,2,31,1,2,1,1,0,1,1
7722,0,0,0,0,1,0,0,0,0,2,28,0,2,1,0,1,0,1
7724,0,0,0,0,1,0,1,0,0,2,36,1,3,1,1,0,1,1
7731,0,0,0,1,0,0,1,0,1,1,63,0,2,1,1,0,0,1
7733,0,0,0,0,1,0,0,0,0,1,62,0,2,1,0,1,0,1
7740,0,0,0,0,1,0,1,0,0,1,26,0,3,0,0,1,0,1
7752,1,0,0,1,0,0,1,0,0,2,59,0,4,1,0,0,1,0
7757,1,0,0,0,1,0,1,0,1,1,52,0,2,1,1,0,0,1
7774,0,1,0,0,0,1,0,1,0,1,25,0,2,1,0,1,0,0
7789,0,0,0,1,0,0,0,0,0,4,55,0,3,1,1,0,1,1
7795,1,0,0,1,0,1,0,0,0,3,47,0,5,1,0,0,1,0
7798,0,0,0,0,1,0,1,0,1,3,54,1,4,0,1,0,1,0
7801,1,0,0,0,1,1,0,0,0,1,46,0,2,1,1,0,0,0
7802,1,0,0,1,0,0,0,0,0,0,63,1,3,1,0,0,0,1
7825,0,0,0,0,0,0,0,0,0,1,71,0,2,1,0,0,0,1
7833,1,0,0,0,0,1,0,0,0,2,39,0,4,1,0,0,0,1
7850,0,0,0,1,0,1,0,0,1,2,66,1,4,1,0,0,1,0
7857,0,0,0,1,0,0,0,0,0,1,55,0,3,1,1,0,0,1
7860,0,0,0,0,1,0,0,0,0,1,43,0,4,1,0,1,0,0
7870,0,0,0,0,1,1,0,0,0,2,47,1,3,1,0,0,1,1
7874,1,0,0,1,0,0,1,1,0,2,53,1,3,1,0,0,0,1
7879,0,0,0,0,1,0,1,0,0,2,40,1,5,1,1,0,1,1
7885,0,0,0,0,1,0,0,0,1,2,61,0,3,1,1,0,0,1
7887,0,0,0,0,1,1,0,1,0,4,20,0,5,1,0,0,1,1
7891,0,0,0,0,1,0,0,0,0,2,19,0,4,1,0,0,1,1
7895,1,0,0,0,1,1,0,1,0,4,61,0,3,1,1,0,1,1
7897,0,0,0,0,1,1,0,0,0,2,52,1,3,1,0,0,0,0
7930,0,0,0,1,0,0,0,0,0,2,24,0,4,1,0,0,1,1
7937,0,0,0,0,1,0,1,0,0,2,44,0,4,0,0,0,0,0
7939,1,0,0,1,0,0,1,0,0,4,49,0,4,1,1,0,0,1
7948,1,0,0,0,1,0,0,0,0,2,37,1,3,1,0,0,0,0
7949,1,0,0,0,1,0,1,0,1,1,58,1,1,0,1,0,1,0
7952,1,1,0,0,0,0,0,0,0,3,51,0,5,1,0,0,0,1
7953,0,0,0,1,0,0,0,0,0,1,28,1,2,1,1,0,0,1
7955,1,0,0,1,0,1,0,0,0,3,57,0,5,1,0,0,0,1
7958,0,1,0,0,0,0,1,1,0,3,58,0,3,1,0,1,0,1
7965,0,0,0,1,0,0,0,0,0,1,59,0,3,1,0,0,1,0
7969,1,0,0,1,0,1,0,1,0,4,59,0,3,1,0,0,1,0
7988,1,0,0,1,0,0,0,0,1,2,50,1,2,1,0,0,0,0
7994,0,0,0,0,0,0,1,0,1,3,61,0,3,0,1,0,0,1
7995,1,0,0,1,0,0,0,0,1,2,46,0,3,1,0,0,1,1
7999,0,0,1,0,0,0,0,0,0,1,34,1,3,1,0,1,0,0
8015,0,0,0,1,0,1,0,0,1,1,27,0,2,1,0,0,0,0
8037,0,0,0,1,0,0,0,0,0,2,58,0,3,0,1,0,1,1
8072,1,0,0,1,0,0,0,0,0,1,59,0,4,1,0,0,1,1
8075,1,0,0,1,0,1,0,1,0,1,34,0,2,0,1,0,1,1
8079,0,0,0,0,1,0,0,0,1,2,22,0,2,1,0,0,0,1
8089,1,0,0,1,0,0,1,1,0,2,38,1,3,1,1,0,1,1
8090,0,0,0,1,0,0,0,0,0,2,42,0,4,1,0,0,1,0
8105,1,0,1,0,0,0,0,0,0,2,66,0,2,1,1,0,1,1
8106,0,1,0,0,0,0,1,0,1,1,71,0,2,1,0,1,0,0
8129,0,0,0,0,1,1,0,0,0,2,45,0,4,1,0,0,0,1
8139,0,0,0,0,1,1,0,0,0,1,31,0,3,1,0,0,0,1
8144,0,0,0,0,1,0,0,0,0,2,20,0,3,1,0,1,0,1
8146,0,0,1,0,0,1,0,1,0,1,38,1,2,1,0,1,0,1
8148,1,1,0,0,0,0,0,0,0,2,29,0,3,1,0,0,0,0
8149,0,0,0,1,0,1,0,0,0,1,47,1,2,1,1,0,0,1
8162,0,0,1,0,0,0,1,0,1,2,51,0,3,1,0,0,0,0
8168,1,0,0,0,0,0,0,0,0,2,53,0,4,1,0,0,1,0
8170,0,0,0,0,1,0,0,0,0,3,52,0,2,1,0,1,0,0
8177,1,0,0,0,1,1,0,1,0,2,43,1,2,0,0,0,0,1
8178,1,0,0,0,1,0,0,0,0,1,34,0,2,1,0,0,0,0
8192,0,0,0,0,1,0,0,0,1,1,40,0,3,1,0,1,0,0
8194,0,0,0,1,0,1,0,0,0,2,37,0,4,1,0,0,0,0
8197,0,0,1,0,0,0,1,0,1,1,56,0,3,1,0,1,0,1
8201,0,0,0,1,0,1,0,1,0,3,47,0,3,1,0,0,0,1
8207,0,0,0,1,0,0,0,0,0,1,68,0,1,1,0,0,0,1
8232,1,0,0,1,0,0,0,0,0,1,48,1,1,1,0,0,0,0
8236,0,0,0,1,0,0,1,0,1,2,30,1,2,1,0,0,0,1
8242,0,0,0,0,1,0,0,0,0,2,35,0,3,1,0,1,0,0
8249,0,0,1,0,0,1,0,1,0,3,46,1,3,1,0,0,0,1
8252,0,0,0,0,1,0,1,1,0,2,32,0,3,1,0,0,0,1
8260,0,0,0,0,1,0,0,0,0,1,39,1,3,1,0,0,1,1
8264,0,0,0,0,1,0,0,0,1,3,21,0,4,1,0,0,1,1
8273,1,0,0,0,1,0,1,0,1,1,65,0,2,1,0,1,0,1
8274,1,0,0,0,1,1,0,0,0,2,54,1,3,1,1,0,1,1
8276,0,0,0,0,1,0,0,0,0,2,62,1,3,1,0,0,0,0
8281,0,0,1,0,0,0,0,0,0,2,64,1,1,1,0,0,0,0
8298,1,0,0,1,0,1,0,0,0,1,23,0,2,1,0,0,0,1
8308,0,0,0,0,1,0,1,0,1,2,69,1,3,1,0,0,0,0
8319,0,0,0,0,1,0,1,0,0,1,70,0,2,1,0,1,0,1
8337,0,0,1,0,0,0,0,0,0,2,63,0,4,1,0,1,0,0
8346,0,0,0,0,1,0,0,0,0,2,46,0,3,0,0,1,0,1
8350,1,0,0,1,0,0,1,0,1,2,37,0,4,0,1,0,1,1
8352,1,0,0,0,1,0,0,0,1,0,36,0,2,1,0,0,0,1
8360,1,0,0,1,0,1,0,0,0,2,37,0,4,1,0,0,1,0
8365,0,0,1,0,0,0,0,0,0,3,55,1,3,1,0,0,1,0
8367,0,0,0,0,1,0,1,0,1,3,57,0,1,0,0,1,0,1
8372,0,0,0,0,1,1,0,0,0,3,33,0,3,1,0,0,0,1
8380,0,0,0,1,0,0,0,1,0,2,49,1,5,1,0,0,1,1
8385,1,0,0,1,0,0,0,0,0,2,61,0,3,1,1,0,1,1
8401,0,0,0,1,0,1,0,0,0,4,52,0,5,1,1,0,1,0
8407,1,0,0,1,0,1,0,1,0,1,36,1,3,1,0,0,1,1
8413,0,1,0,0,0,1,0,1,0,2,58,0,2,1,0,0,1,1
8415,1,0,0,0,0,0,0,0,0,1,67,1,3,1,1,0,1,0
8422,1,0,1,0,0,1,0,1,0,1,30,1,4,1,0,0,1,1
8434,0,0,0,1,0,0,1,0,1,2,41,1,3,1,0,0,0,0
8438,0,0,0,1,0,1,0,1,0,2,35,0,4,0,0,0,0,1
8448,1,0,0,0,0,0,1,1,0,0,55,0,2,1,0,1,0,1
8451,0,0,1,0,0,0,0,0,0,1,56,1,1,1,0,0,0,1
8453,0,0,0,0,1,1,0,1,0,2,32,0,5,1,1,0,0,1
8461,0,0,0,0,0,0,0,0,0,2,19,0,2,1,0,0,0,1
8475,1,0,0,0,1,0,0,0,0,2,38,0,4,1,0,0,0,0
8490,1,0,0,0,0,1,0,0,1,2,35,1,3,1,0,0,1,1
8491,1,0,0,0,0,1,0,1,0,2,40,1,3,1,1,0,1,1
8492,1,0,0,0,1,1,0,1,0,1,26,1,4,0,0,1,0,1
8496,0,1,0,0,0,0,0,0,0,2,65,0,4,1,0,1,0,1
8500,1,0,0,0,1,0,1,1,0,2,19,0,4,1,0,0,1,1
8501,0,0,0,1,0,0,0,0,0,1,73,0,2,1,0,0,0,1
8503,0,0,0,0,1,0,1,0,1,1,25,0,2,0,0,1,0,1
8526,1,0,0,1,0,0,0,1,0,1,27,0,1,0,1,1,0,0
8533,1,0,0,1,0,1,0,0,0,3,53,1,5,0,0,0,1,1
8559,1,0,0,1,0,0,0,0,0,2,40,1,4,1,1,0,0,1
8589,0,0,0,0,1,0,1,0,0,4,63,1,3,1,0,0,1,0
8592,0,0,0,0,1,0,0,0,0,2,64,1,3,1,0,0,0,1
8598,1,0,0,0,1,0,0,0,0,3,67,0,4,1,1,0,1,0
8604,1,0,0,0,0,0,0,0,0,1,68,1,1,1,0,0,0,1
8613,0,1,0,0,0,1,0,1,0,3,52,0,3,1,0,0,0,0
8618,1,0,0,1,0,0,1,0,1,1,63,1,3,1,0,0,0,1
8620,0,1,0,0,0,0,0,0,0,2,37,0,2,1,0,1,0,0
8628,0,0,0,0,1,1,0,0,0,1,38,0,2,0,0,0,0,0
8643,0,0,0,1,0,1,0,0,0,2,36,0,3,0,1,0,0,1
8661,0,0,0,0,1,0,0,0,0,3,38,0,4,0,0,0,0,0
8672,1,0,0,0,1,1,0,0,1,3,30,0,3,1,0,0,0,1
8673,0,0,0,0,0,0,1,0,0,2,60,0,2,1,0,1,0,1
8674,0,0,0,1,0,0,0,0,0,1,35,1,1,1,1,0,0,0
8680,0,0,0,0,0,0,0,0,0,4,64,0,2,1,0,0,0,0
8697,0,0,0,0,0,0,0,0,0,1,33,0,3,1,0,1,0,0
8709,0,0,0,0,1,0,0,0,0,1,29,1,3,1,0,0,0,0
8728,0,0,0,0,1,0,1,0,1,1,47,1,1,0,0,1,0,1
8744,1,0,0,1,0,0,0,0,0,1,48,0,2,1,0,1,0,1
8749,0,0,0,0,1,0,0,0,0,2,58,0,3,1,0,1,0,0
8751,1,0,0,1,0,1,0,1,0,1,43,1,2,0,0,0,1,1
8753,0,0,0,1,0,0,0,1,0,1,53,1,3,1,0,0,0,0
8755,0,1,0,0,0,0,0,1,0,2,48,1,4,1,0,0,0,0
8761,1,0,0,1,0,0,0,0,0,2,50,1,5,1,0,0,1,1
8764,1,0,0,1,0,0,0,0,0,0,37,1,2,1,0,0,0,1
8765,0,0,1,0,0,0,0,0,1,2,35,1,3,1,1,0,1,1
8773,0,0,0,0,1,0,0,0,0,0,21,1,2,1,0,1,0,0
8778,1,0,0,0,0,0,1,0,1,1,63,1,2,1,0,0,0,1
8780,0,0,0,1,0,0,1,1,0,1,35,0,3,1,1,0,0,1
8782,1,0,0,1,0,1,0,1,0,1,37,1,3,1,1,0,1,1
8783,1,0,0,0,1,1,0,1,0,2,37,1,4,1,1,0,1,1
8784,0,0,0,0,1,0,1,0,1,0,56,0,2,1,0,0,0,1
8790,1,0,0,1,0,1,0,0,1,2,24,0,3,0,0,1,0,0
8797,0,0,0,1,0,0,1,0,1,0,26,0,0,1,0,0,0,1
8798,0,0,0,0,1,0,0,0,0,2,66,1,3,1,0,0,1,1
8800,1,1,0,0,0,1,0,1,0,0,26,0,3,0,0,1,0,0
8803,0,0,0,0,0,0,0,0,0,1,61,1,1,1,1,0,0,0
8807,1,1,0,0,0,0,1,0,1,2,34,0,3,1,0,0,1,1
8817,0,0,0,1,0,0,0,0,0,2,65,0,3,1,1,0,1,1
8818,0,0,0,1,0,0,1,0,1,3,36,1,4,1,0,0,0,1
8828,0,0,0,0,1,0,0,0,0,1,60,1,2,0,0,0,1,1
8850,0,0,0,0,1,0,1,0,0,0,55,1,2,1,1,0,0,1
8859,0,0,0,1,0,0,0,1,0,1,68,0,3,1,0,0,1,0
8866,1,0,0,0,0,0,1,0,1,3,40,0,4,1,1,0,1,1
8872,1,1,0,0,0,1,0,0,1,2,35,0,3,1,0,0,1,1
8883,0,0,0,1,0,1,0,1,0,1,62,0,3,1,0,0,0,0
8884,0,0,0,0,1,0,0,0,0,2,67,0,3,1,0,0,0,1
8934,1,0,0,1,0,0,0,1,0,1,88,0,3,1,0,0,0,1
8938,1,0,0,0,1,1,0,0,0,1,25,1,5,0,0,0,0,1
8939,0,0,0,1,0,1,0,1,0,2,64,0,2,1,0,0,1,0
8940,0,0,0,0,1,0,0,0,0,4,49,0,4,1,0,0,0,0
8945,1,0,0,0,1,1,0,0,0,3,47,0,3,1,1,0,1,1
8970,1,0,0,0,1,1,0,0,1,1,53,0,2,1,0,0,0,0
8971,0,1,0,0,0,0,1,1,0,3,64,0,3,1,0,0,0,0
8988,1,0,0,1,0,0,0,0,0,2,60,1,3,0,0,0,1,0
8990,0,0,0,1,0,0,0,0,0,2,54,0,3,1,1,0,0,1
9009,0,0,0,1,0,0,0,0,0,4,54,1,4,1,0,0,1,0
9014,1,0,0,1,0,0,0,1,0,1,34,1,2,1,1,0,0,1
9025,0,0,0,0,1,0,0,0,0,2,68,0,2,1,1,0,1,1
9033,0,0,0,0,1,0,1,0,1,1,45,1,2,1,0,0,0,1
9038,1,0,0,1,0,0,1,1,0,1,30,1,4,1,0,0,1,1
9046,0,0,0,0,1,0,0,0,0,0,34,1,0,1,0,1,0,0
9055,1,0,0,1,0,0,0,0,0,2,63,1,3,1,0,0,0,0
9071,0,0,0,0,1,0,1,0,1,2,68,0,3,1,0,0,0,0
9082,0,0,0,1,0,0,1,0,0,2,35,0,4,1,1,0,1,1
9088,0,1,0,0,0,1,0,0,0,1,51,0,3,1,0,1,0,1
9091,0,0,0,0,1,0,1,0,1,1,63,0,2,1,0,1,0,0
9093,0,0,0,1,0,0,1,0,1,3,53,1,4,1,1,0,0,0
9098,0,0,0,0,1,0,0,0,0,1,69,0,2,1,0,0,1,0
9101,0,0,0,0,1,1,0,0,1,2,31,1,2,1,0,0,0,0
9105,0,1,0,0,0,0,0,0,0,2,77,0,4,1,0,0,0,0
9115,1,0,0,1,0,0,1,0,1,1,39,0,5,1,0,1,0,0
9116,0,0,0,0,1,0,0,0,0,1,27,0,3,1,0,1,0,0
9118,1,0,0,1,0,0,1,0,1,1,48,1,2,1,0,0,1,1
9127,1,0,0,1,0,1,0,0,1,2,43,1,5,1,1,0,1,0
9128,1,0,0,0,0,0,0,0,0,2,39,0,3,0,0,0,0,1
9143,1,0,0,1,0,0,0,0,0,2,32,1,3,1,1,0,1,1
9154,0,0,0,0,1,1,0,1,0,2,60,0,3,1,1,0,1,1
9162,1,0,0,0,0,0,0,0,0,1,58,0,1,1,0,1,0,1
9173,0,0,0,1,0,1,0,0,0,4,66,1,4,1,0,0,0,1
9180,0,0,0,0,1,1,0,0,0,3,46,1,3,1,0,0,0,1
9196,1,0,0,0,1,0,0,1,0,3,64,1,3,0,1,0,1,1
9197,0,0,0,0,1,0,0,0,1,1,50,0,2,1,1,0,0,1
9199,0,0,1,0,0,1,0,0,1,2,45,0,2,0,0,0,1,0
9209,1,0,0,1,0,1,0,0,0,3,60,0,4,1,0,0,1,1
9216,1,0,0,1,0,0,0,0,0,3,63,1,4,1,1,0,1,1
9218,0,0,0,1,0,0,0,0,0,1,58,0,4,1,1,0,1,1
9220,0,0,0,1,0,0,0,1,0,2,55,1,4,1,1,0,1,1
9224,0,0,0,1,0,0,0,0,0,4,58,0,5,1,0,0,1,1
9245,1,1,0,0,0,0,0,0,0,1,72,0,3,1,0,0,1,0
9251,1,0,0,0,1,0,0,0,1,1,51,0,2,1,0,0,0,1
9254,1,0,0,1,0,0,0,0,1,3,67,0,4,0,1,0,1,1
9261,1,0,0,1,0,1,0,1,0,4,55,0,4,1,0,0,1,1
9270,1,0,0,0,1,0,0,0,0,1,47,1,1,1,0,1,0,0
9280,1,0,0,1,0,0,0,1,0,2,61,0,3,1,0,0,1,1
9281,1,0,0,1,0,1,0,1,0,2,65,0,4,1,1,0,0,1
9286,1,0,0,1,0,1,0,1,0,2,67,1,4,1,0,0,1,1
9308,1,0,0,1,0,1,0,0,0,2,51,0,2,1,1,0,1,1
9313,0,0,0,0,1,0,0,0,0,2,52,1,3,1,0,0,1,0
9316,0,0,0,0,1,0,0,0,0,2,65,0,3,1,0,0,0,1
9322,0,0,0,0,1,1,0,1,0,2,47,0,3,1,0,0,1,1
9323,0,0,0,0,1,0,1,0,0,4,59,1,1,1,0,0,1,1
9325,1,0,0,1,0,0,1,0,1,2,60,0,0,1,1,0,0,0
